"subjects"	"S"	"picture"	"R"	"rt"
"1"	"negative"	"ingroup"	"negative"	0.494186251219602
"1"	"negative"	"outgroup"	"negative"	0.650786855355723
"1"	"negative"	"outgroup"	"positive"	0.460220164143756
"1"	"positive"	"ingroup"	"negative"	1.71120413678612
"1"	"positive"	"outgroup"	"positive"	1.57006388119461
"1"	"negative"	"outgroup"	"negative"	0.486952138336053
"1"	"negative"	"ingroup"	"negative"	0.659716500995849
"1"	"negative"	"ingroup"	"positive"	0.799609308515001
"1"	"negative"	"outgroup"	"negative"	0.615889838408851
"1"	"negative"	"outgroup"	"negative"	0.999495586564401
"1"	"positive"	"ingroup"	"positive"	0.491800391421361
"1"	"negative"	"ingroup"	"positive"	0.516821368341718
"1"	"positive"	"ingroup"	"negative"	0.568363599212978
"1"	"negative"	"outgroup"	"negative"	0.623236735288203
"1"	"positive"	"ingroup"	"negative"	0.702202324338943
"1"	"positive"	"outgroup"	"positive"	0.471064801676099
"1"	"negative"	"outgroup"	"negative"	0.800186830883313
"1"	"negative"	"outgroup"	"negative"	0.457090072787584
"1"	"negative"	"outgroup"	"positive"	0.895391802556568
"1"	"negative"	"outgroup"	"positive"	0.569603551182476
"1"	"positive"	"ingroup"	"negative"	0.626054921950673
"1"	"negative"	"outgroup"	"positive"	0.68017270057939
"1"	"negative"	"outgroup"	"negative"	0.817545781875052
"1"	"negative"	"outgroup"	"negative"	0.767798291000146
"1"	"negative"	"outgroup"	"positive"	0.516220595475579
"1"	"negative"	"outgroup"	"positive"	0.536266654572774
"1"	"negative"	"outgroup"	"negative"	0.885308980468656
"1"	"negative"	"ingroup"	"negative"	0.507364017147442
"1"	"negative"	"outgroup"	"negative"	0.519088977655371
"1"	"positive"	"outgroup"	"positive"	0.958056574442515
"1"	"negative"	"outgroup"	"negative"	0.562209289813826
"1"	"negative"	"ingroup"	"positive"	0.586270825042928
"1"	"positive"	"ingroup"	"positive"	0.589458678941664
"1"	"positive"	"ingroup"	"negative"	0.717159809701141
"1"	"positive"	"outgroup"	"positive"	0.553438168782535
"1"	"positive"	"ingroup"	"positive"	0.572600922403037
"1"	"negative"	"outgroup"	"negative"	1.25478788661702
"1"	"negative"	"outgroup"	"negative"	0.522061533129082
"1"	"negative"	"ingroup"	"negative"	0.697287620569144
"1"	"negative"	"outgroup"	"positive"	0.599908024743016
"1"	"positive"	"ingroup"	"positive"	0.544963965454043
"1"	"positive"	"ingroup"	"negative"	0.493636277521835
"1"	"negative"	"ingroup"	"positive"	0.723338386059865
"1"	"positive"	"outgroup"	"negative"	0.520666323553658
"1"	"negative"	"outgroup"	"positive"	0.702872461064616
"1"	"positive"	"ingroup"	"positive"	0.462281976162706
"1"	"positive"	"ingroup"	"positive"	0.819558728103623
"1"	"negative"	"outgroup"	"positive"	0.557967913002563
"1"	"positive"	"ingroup"	"positive"	0.706497702092834
"1"	"negative"	"ingroup"	"negative"	0.69717063702239
"1"	"negative"	"outgroup"	"positive"	0.562068806474277
"1"	"positive"	"outgroup"	"positive"	0.612478472781451
"1"	"positive"	"ingroup"	"negative"	1.17293740067853
"1"	"negative"	"ingroup"	"positive"	0.675296342528498
"1"	"positive"	"outgroup"	"positive"	0.667795471591139
"1"	"negative"	"ingroup"	"negative"	0.470207428481796
"1"	"negative"	"outgroup"	"negative"	0.487048846666862
"1"	"positive"	"outgroup"	"negative"	0.511405960623751
"1"	"positive"	"outgroup"	"negative"	0.496731999412301
"1"	"negative"	"ingroup"	"negative"	0.550158144644841
"1"	"positive"	"outgroup"	"positive"	0.680434130439679
"1"	"negative"	"ingroup"	"negative"	0.669636841463026
"1"	"positive"	"outgroup"	"positive"	0.814242045037465
"1"	"negative"	"outgroup"	"positive"	0.533637409233712
"1"	"negative"	"outgroup"	"negative"	0.668481081077241
"1"	"negative"	"outgroup"	"positive"	0.801111321012607
"1"	"positive"	"ingroup"	"positive"	0.599083793359219
"1"	"negative"	"outgroup"	"negative"	0.569043693075743
"1"	"negative"	"outgroup"	"negative"	0.482630840880757
"1"	"negative"	"ingroup"	"negative"	0.624857366303644
"1"	"positive"	"ingroup"	"positive"	0.485859048745197
"1"	"negative"	"ingroup"	"negative"	0.632177551209182
"1"	"negative"	"outgroup"	"negative"	0.61597796302351
"1"	"negative"	"ingroup"	"negative"	0.586757045156387
"1"	"positive"	"outgroup"	"positive"	0.83775292514049
"1"	"positive"	"outgroup"	"negative"	0.480050597781564
"1"	"positive"	"ingroup"	"positive"	0.759095289119945
"1"	"positive"	"outgroup"	"positive"	0.507297038294434
"1"	"positive"	"outgroup"	"positive"	0.468824212659868
"1"	"negative"	"ingroup"	"negative"	0.665828251034347
"1"	"positive"	"ingroup"	"negative"	0.462490594022112
"1"	"positive"	"outgroup"	"negative"	0.850858237859092
"1"	"negative"	"outgroup"	"negative"	0.72850226502998
"1"	"negative"	"ingroup"	"negative"	0.650434734612238
"1"	"negative"	"outgroup"	"negative"	0.593155759031532
"1"	"positive"	"ingroup"	"positive"	0.461717258069732
"1"	"negative"	"outgroup"	"negative"	0.852679126653242
"1"	"positive"	"outgroup"	"negative"	0.687102357304074
"1"	"positive"	"outgroup"	"positive"	0.597518401356307
"1"	"positive"	"outgroup"	"positive"	0.648261479517194
"1"	"negative"	"outgroup"	"negative"	0.530553045251145
"1"	"positive"	"outgroup"	"positive"	0.69055850549969
"1"	"positive"	"ingroup"	"positive"	0.61450318841254
"1"	"positive"	"ingroup"	"positive"	0.806209524193282
"1"	"negative"	"ingroup"	"negative"	0.504969581232869
"1"	"negative"	"ingroup"	"negative"	0.533914275337286
"1"	"negative"	"ingroup"	"positive"	0.647727377553132
"1"	"negative"	"outgroup"	"negative"	0.548919341283885
"1"	"positive"	"ingroup"	"positive"	0.552230326763797
"1"	"positive"	"ingroup"	"positive"	0.831941715148462
"1"	"negative"	"ingroup"	"negative"	0.623995859246057
"1"	"positive"	"outgroup"	"positive"	0.66002110393191
"1"	"negative"	"outgroup"	"positive"	0.858171088381989
"1"	"negative"	"outgroup"	"negative"	0.610941461753414
"1"	"negative"	"ingroup"	"negative"	0.599896708608978
"1"	"positive"	"ingroup"	"positive"	0.524330478218493
"1"	"positive"	"ingroup"	"positive"	0.609993612065922
"1"	"positive"	"outgroup"	"positive"	0.814992571702182
"1"	"negative"	"ingroup"	"negative"	0.704734103833602
"1"	"negative"	"outgroup"	"positive"	0.807527964574775
"1"	"negative"	"outgroup"	"negative"	0.557927849491089
"1"	"positive"	"ingroup"	"positive"	0.70304799831219
"1"	"positive"	"ingroup"	"negative"	0.602176870232255
"1"	"positive"	"outgroup"	"positive"	0.835836546258885
"1"	"positive"	"outgroup"	"positive"	0.522965406546845
"1"	"negative"	"outgroup"	"positive"	0.535752940568412
"1"	"positive"	"ingroup"	"positive"	0.515235003412992
"1"	"negative"	"outgroup"	"positive"	1.0063637150287
"1"	"negative"	"ingroup"	"negative"	0.818988228595427
"1"	"positive"	"outgroup"	"positive"	0.763208006201861
"1"	"positive"	"outgroup"	"positive"	0.873302682200103
"1"	"positive"	"outgroup"	"positive"	0.652994085995494
"1"	"negative"	"ingroup"	"negative"	0.551339616977759
"1"	"positive"	"outgroup"	"negative"	0.688027148223539
"1"	"positive"	"outgroup"	"positive"	0.634119545135693
"1"	"negative"	"outgroup"	"negative"	0.626433666233008
"1"	"negative"	"ingroup"	"positive"	0.488600915675535
"1"	"negative"	"outgroup"	"negative"	0.564586430028827
"1"	"negative"	"ingroup"	"negative"	0.707278293113313
"1"	"positive"	"outgroup"	"positive"	0.699132633384796
"1"	"negative"	"ingroup"	"negative"	0.640160904955369
"1"	"positive"	"ingroup"	"positive"	0.493717361050889
"1"	"positive"	"outgroup"	"positive"	0.522711010105985
"1"	"negative"	"outgroup"	"negative"	0.84571033640936
"1"	"positive"	"ingroup"	"positive"	0.715058974722902
"1"	"positive"	"ingroup"	"positive"	0.815761771947066
"1"	"positive"	"ingroup"	"negative"	0.725373213142474
"1"	"negative"	"ingroup"	"positive"	0.566496622674677
"1"	"positive"	"outgroup"	"positive"	0.702794130021934
"1"	"negative"	"ingroup"	"negative"	0.570277856692552
"1"	"positive"	"outgroup"	"positive"	1.07413841271824
"1"	"negative"	"outgroup"	"negative"	0.9616230357828
"1"	"positive"	"ingroup"	"positive"	0.668585243759287
"1"	"negative"	"outgroup"	"negative"	0.663751208947431
"1"	"positive"	"ingroup"	"positive"	0.682259053870456
"1"	"negative"	"ingroup"	"positive"	0.535455311138173
"1"	"negative"	"outgroup"	"negative"	0.850819412300172
"1"	"negative"	"ingroup"	"negative"	0.746786105736885
"1"	"positive"	"outgroup"	"positive"	0.520624830392605
"1"	"negative"	"ingroup"	"negative"	0.603792838254811
"1"	"positive"	"outgroup"	"positive"	0.536546872715731
"1"	"negative"	"outgroup"	"negative"	0.496640562104882
"1"	"negative"	"outgroup"	"negative"	0.561586405362767
"1"	"negative"	"ingroup"	"negative"	0.53530477415566
"1"	"positive"	"outgroup"	"positive"	0.58585340190694
"1"	"negative"	"ingroup"	"positive"	0.779007811909066
"1"	"negative"	"outgroup"	"negative"	0.843750120899851
"1"	"negative"	"outgroup"	"negative"	0.65538163217103
"1"	"negative"	"ingroup"	"negative"	0.526720272028815
"1"	"positive"	"outgroup"	"positive"	0.547298487635128
"1"	"positive"	"outgroup"	"positive"	0.507008526493374
"1"	"positive"	"ingroup"	"positive"	0.480952618795238
"1"	"negative"	"outgroup"	"negative"	0.568853979339341
"1"	"negative"	"ingroup"	"positive"	0.510664742905216
"1"	"negative"	"outgroup"	"positive"	0.943807809413576
"1"	"negative"	"outgroup"	"positive"	0.547497611628728
"1"	"negative"	"outgroup"	"negative"	0.660846849223919
"1"	"positive"	"outgroup"	"positive"	0.589597217076998
"1"	"positive"	"ingroup"	"positive"	0.58465874358022
"1"	"negative"	"ingroup"	"negative"	0.863469717850661
"1"	"negative"	"outgroup"	"negative"	0.811053473038082
"1"	"positive"	"outgroup"	"positive"	0.522948475845601
"1"	"positive"	"ingroup"	"positive"	0.467258173799361
"1"	"negative"	"outgroup"	"negative"	0.580827528165269
"1"	"positive"	"outgroup"	"positive"	0.701757976222179
"1"	"negative"	"ingroup"	"positive"	0.537346862884098
"1"	"negative"	"outgroup"	"negative"	0.540295174542684
"1"	"positive"	"ingroup"	"positive"	0.975572928781237
"1"	"positive"	"outgroup"	"positive"	0.643492132307461
"1"	"positive"	"outgroup"	"positive"	0.540890026080268
"1"	"negative"	"outgroup"	"negative"	0.63138690335504
"1"	"positive"	"outgroup"	"negative"	0.831964572198856
"1"	"positive"	"ingroup"	"positive"	0.628951559215207
"1"	"positive"	"ingroup"	"positive"	0.544121467907532
"1"	"negative"	"ingroup"	"negative"	0.714413044634322
"1"	"positive"	"outgroup"	"negative"	0.49908491318833
"1"	"negative"	"outgroup"	"negative"	0.616405424393332
"1"	"positive"	"ingroup"	"negative"	0.575530099278516
"1"	"negative"	"ingroup"	"negative"	0.482182072885534
"1"	"negative"	"outgroup"	"negative"	1.01652844224854
"1"	"positive"	"ingroup"	"positive"	0.504334121036902
"1"	"negative"	"outgroup"	"positive"	0.725827052837466
"1"	"negative"	"outgroup"	"positive"	0.882964162062983
"1"	"positive"	"outgroup"	"positive"	0.602223684585338
"1"	"positive"	"ingroup"	"positive"	0.953514663603522
"1"	"negative"	"outgroup"	"negative"	0.636498418112481
"1"	"negative"	"ingroup"	"negative"	0.49095512289509
"1"	"positive"	"outgroup"	"positive"	0.632096692519874
"1"	"negative"	"ingroup"	"negative"	0.754859824980619
"1"	"negative"	"ingroup"	"positive"	0.712297801254742
"1"	"negative"	"ingroup"	"negative"	0.749051880394097
"1"	"negative"	"outgroup"	"positive"	0.737320876190645
"1"	"negative"	"outgroup"	"negative"	0.560526805056029
"1"	"positive"	"ingroup"	"positive"	0.879744238939905
"1"	"positive"	"outgroup"	"positive"	0.627343784704396
"1"	"positive"	"ingroup"	"positive"	0.890870788752801
"1"	"negative"	"ingroup"	"negative"	0.648967006268512
"1"	"negative"	"outgroup"	"positive"	0.742088085005298
"1"	"positive"	"ingroup"	"positive"	0.652750635229621
"1"	"positive"	"ingroup"	"positive"	0.572711373973686
"1"	"negative"	"outgroup"	"negative"	0.683459522158423
"1"	"positive"	"outgroup"	"negative"	0.503190007017574
"1"	"positive"	"ingroup"	"negative"	0.658851587877319
"1"	"negative"	"ingroup"	"negative"	0.764565168406087
"1"	"negative"	"outgroup"	"negative"	1.15164697816399
"1"	"positive"	"ingroup"	"positive"	0.727164405678131
"1"	"negative"	"outgroup"	"positive"	0.489851954678982
"1"	"negative"	"outgroup"	"negative"	0.519181474162871
"1"	"positive"	"ingroup"	"positive"	0.507032331953634
"1"	"positive"	"ingroup"	"positive"	0.545294320807218
"1"	"negative"	"outgroup"	"negative"	0.496029923823125
"1"	"positive"	"ingroup"	"positive"	0.641113229143829
"1"	"positive"	"outgroup"	"negative"	0.649437101469675
"1"	"positive"	"ingroup"	"positive"	0.846432415362057
"1"	"negative"	"ingroup"	"negative"	0.72982433796322
"1"	"negative"	"ingroup"	"positive"	0.477299352764684
"1"	"negative"	"ingroup"	"positive"	0.601276434785262
"1"	"positive"	"ingroup"	"positive"	0.856830521971525
"1"	"negative"	"ingroup"	"positive"	0.740256286169529
"1"	"positive"	"outgroup"	"positive"	0.751534207310637
"1"	"negative"	"ingroup"	"positive"	0.495180873155548
"1"	"positive"	"outgroup"	"positive"	0.520918384411024
"1"	"positive"	"ingroup"	"positive"	0.656567979428781
"1"	"positive"	"ingroup"	"positive"	0.739599067522852
"1"	"negative"	"outgroup"	"negative"	0.547923281675649
"1"	"positive"	"ingroup"	"positive"	0.569136724029724
"1"	"negative"	"ingroup"	"positive"	0.673085127866209
"1"	"negative"	"ingroup"	"negative"	0.992981381613345
"1"	"negative"	"ingroup"	"negative"	0.538905814953885
"1"	"negative"	"outgroup"	"negative"	0.496666883397559
"1"	"negative"	"ingroup"	"positive"	0.468601701271332
"1"	"positive"	"ingroup"	"positive"	0.50760950528052
"1"	"negative"	"outgroup"	"negative"	0.577164482029558
"1"	"positive"	"outgroup"	"negative"	0.55184967349216
"1"	"positive"	"ingroup"	"positive"	0.613024808734624
"1"	"negative"	"ingroup"	"negative"	0.756183146983192
"1"	"positive"	"outgroup"	"negative"	0.791945257781653
"1"	"negative"	"outgroup"	"negative"	0.816752138635726
"1"	"negative"	"outgroup"	"negative"	0.751013096873782
"1"	"positive"	"ingroup"	"negative"	0.956870368922091
"1"	"negative"	"ingroup"	"negative"	0.500484906314329
"1"	"negative"	"outgroup"	"negative"	0.585251367311403
"1"	"positive"	"outgroup"	"positive"	0.563100682814228
"1"	"negative"	"outgroup"	"negative"	0.561202132837141
"1"	"positive"	"ingroup"	"positive"	0.599859639818166
"1"	"negative"	"outgroup"	"negative"	0.721374745203329
"1"	"positive"	"outgroup"	"positive"	0.604023660901726
"1"	"positive"	"outgroup"	"negative"	0.72729038833846
"1"	"negative"	"outgroup"	"negative"	0.627046163493487
"1"	"positive"	"ingroup"	"positive"	0.632176812936329
"1"	"negative"	"ingroup"	"negative"	0.704988198076591
"1"	"positive"	"ingroup"	"positive"	0.551139323211486
"1"	"positive"	"outgroup"	"positive"	0.484874110909237
"1"	"positive"	"ingroup"	"positive"	0.538843553156331
"1"	"positive"	"ingroup"	"positive"	0.587951756524181
"1"	"positive"	"outgroup"	"negative"	0.588198714246174
"1"	"negative"	"ingroup"	"negative"	0.990019393890156
"1"	"negative"	"ingroup"	"negative"	0.673201569539913
"1"	"negative"	"outgroup"	"negative"	0.541594790187516
"1"	"negative"	"ingroup"	"negative"	1.13059359669813
"1"	"positive"	"ingroup"	"positive"	0.871432864062042
"1"	"positive"	"outgroup"	"positive"	0.619982312634534
"1"	"negative"	"ingroup"	"negative"	0.499112122290291
"1"	"negative"	"outgroup"	"negative"	0.564663573478454
"1"	"positive"	"ingroup"	"negative"	0.541971634259123
"1"	"positive"	"ingroup"	"positive"	0.638056941741268
"1"	"positive"	"ingroup"	"positive"	0.636474589214421
"1"	"positive"	"outgroup"	"positive"	1.04980356766358
"1"	"positive"	"outgroup"	"positive"	0.687851653030601
"1"	"positive"	"ingroup"	"positive"	0.888682788978285
"1"	"positive"	"outgroup"	"negative"	0.480340772036019
"1"	"positive"	"ingroup"	"positive"	0.626133421167827
"1"	"negative"	"ingroup"	"positive"	0.603987917079869
"1"	"negative"	"outgroup"	"positive"	1.31380652013472
"1"	"positive"	"outgroup"	"negative"	0.585177141505622
"1"	"positive"	"ingroup"	"positive"	0.617369678370721
"1"	"positive"	"outgroup"	"negative"	0.584670117397735
"1"	"positive"	"ingroup"	"positive"	0.667209154514741
"1"	"positive"	"outgroup"	"negative"	0.716617559726724
"1"	"positive"	"outgroup"	"positive"	0.809532101631361
"1"	"positive"	"ingroup"	"positive"	0.560746384151502
"1"	"positive"	"outgroup"	"negative"	0.520605641255284
"1"	"negative"	"ingroup"	"positive"	0.736120212968659
"1"	"negative"	"ingroup"	"negative"	0.76575328848121
"1"	"positive"	"outgroup"	"positive"	0.79418681508784
"1"	"positive"	"outgroup"	"positive"	0.629986323588139
"1"	"positive"	"outgroup"	"negative"	0.648500781649769
"1"	"positive"	"ingroup"	"positive"	0.607006448554348
"1"	"negative"	"outgroup"	"negative"	0.584014871717428
"1"	"negative"	"outgroup"	"negative"	0.91791214846696
"1"	"positive"	"ingroup"	"positive"	0.594131851226276
"1"	"negative"	"ingroup"	"negative"	0.455528056293795
"1"	"positive"	"outgroup"	"negative"	0.605075043260219
"1"	"positive"	"outgroup"	"negative"	0.601162496615454
"1"	"negative"	"ingroup"	"negative"	0.618556978344564
"1"	"positive"	"ingroup"	"positive"	0.703017765244339
"1"	"positive"	"ingroup"	"positive"	0.640635387398892
"1"	"positive"	"ingroup"	"positive"	0.683090389433604
"1"	"positive"	"outgroup"	"positive"	0.823970497100587
"1"	"negative"	"ingroup"	"negative"	0.561640442595863
"1"	"negative"	"outgroup"	"negative"	1.18461551249187
"1"	"negative"	"ingroup"	"negative"	0.706143532343303
"1"	"negative"	"outgroup"	"negative"	0.500852362130694
"1"	"positive"	"outgroup"	"positive"	0.570372476389817
"1"	"negative"	"ingroup"	"negative"	0.61972767847288
"1"	"negative"	"ingroup"	"negative"	0.513763348671981
"1"	"positive"	"ingroup"	"negative"	0.490199361999208
"1"	"positive"	"outgroup"	"positive"	0.619607120035969
"1"	"negative"	"ingroup"	"negative"	0.502986180695477
"1"	"negative"	"ingroup"	"negative"	0.817222348405749
"1"	"negative"	"ingroup"	"positive"	0.502838566725293
"1"	"positive"	"outgroup"	"positive"	0.640974530188638
"1"	"negative"	"ingroup"	"negative"	0.590281095585886
"1"	"negative"	"ingroup"	"negative"	0.742205539760893
"1"	"positive"	"outgroup"	"positive"	0.550417482650622
"1"	"negative"	"ingroup"	"negative"	0.863393214175796
"1"	"negative"	"ingroup"	"positive"	0.479131598447434
"1"	"positive"	"ingroup"	"positive"	1.03357799240697
"1"	"negative"	"outgroup"	"negative"	0.485263483152967
"1"	"negative"	"ingroup"	"positive"	0.717172719045032
"1"	"negative"	"ingroup"	"positive"	0.604364101159934
"1"	"positive"	"ingroup"	"positive"	0.48966332221801
"1"	"positive"	"outgroup"	"positive"	0.757340148179666
"1"	"positive"	"outgroup"	"positive"	0.545072136578126
"1"	"positive"	"outgroup"	"positive"	0.567356768191117
"1"	"positive"	"outgroup"	"negative"	0.643541541064262
"1"	"positive"	"ingroup"	"negative"	0.515695398649627
"1"	"negative"	"outgroup"	"negative"	0.650489223700967
"1"	"negative"	"outgroup"	"negative"	0.97660569117049
"1"	"negative"	"outgroup"	"negative"	0.70250210344345
"1"	"negative"	"ingroup"	"negative"	0.745826874628745
"1"	"positive"	"outgroup"	"positive"	0.508165177840766
"1"	"positive"	"outgroup"	"positive"	1.09330670077958
"1"	"negative"	"ingroup"	"negative"	0.880298514372269
"1"	"negative"	"ingroup"	"negative"	0.586951180493529
"1"	"negative"	"ingroup"	"negative"	0.640123709749654
"1"	"negative"	"outgroup"	"negative"	0.674861836264872
"1"	"negative"	"outgroup"	"negative"	1.16336052789714
"1"	"negative"	"outgroup"	"positive"	0.554640921115511
"1"	"positive"	"ingroup"	"positive"	0.498624883029721
"1"	"positive"	"outgroup"	"positive"	0.643525464698368
"1"	"negative"	"ingroup"	"negative"	0.557072575789568
"1"	"negative"	"ingroup"	"negative"	0.572063279674895
"1"	"positive"	"ingroup"	"positive"	0.671698836016488
"1"	"positive"	"outgroup"	"positive"	0.516014931508308
"1"	"negative"	"outgroup"	"negative"	0.707826658269879
"1"	"positive"	"ingroup"	"positive"	0.602910224786277
"1"	"negative"	"ingroup"	"negative"	0.549370972037974
"1"	"positive"	"outgroup"	"negative"	0.599378225837889
"1"	"positive"	"ingroup"	"positive"	0.545875194723506
"1"	"positive"	"outgroup"	"positive"	0.550445882379215
"1"	"positive"	"ingroup"	"positive"	0.820186754335623
"1"	"positive"	"ingroup"	"positive"	0.452326816657674
"1"	"positive"	"ingroup"	"negative"	0.545764191314442
"1"	"positive"	"outgroup"	"positive"	0.680570003251379
"1"	"negative"	"outgroup"	"positive"	0.45139458368153
"1"	"negative"	"outgroup"	"negative"	0.617340097836209
"1"	"negative"	"ingroup"	"negative"	0.572517568699792
"1"	"positive"	"outgroup"	"positive"	0.588869768396027
"1"	"positive"	"outgroup"	"negative"	0.613064971287658
"1"	"negative"	"ingroup"	"negative"	1.12047210326344
"1"	"positive"	"ingroup"	"negative"	0.501797431236606
"1"	"positive"	"outgroup"	"negative"	0.4748795958588
"1"	"negative"	"outgroup"	"negative"	0.800064485213738
"1"	"negative"	"ingroup"	"negative"	0.528969029574976
"1"	"negative"	"ingroup"	"negative"	0.511379723355767
"1"	"positive"	"outgroup"	"positive"	0.537215808548844
"1"	"positive"	"outgroup"	"positive"	0.548399508844565
"1"	"negative"	"ingroup"	"negative"	0.605165813664552
"1"	"negative"	"outgroup"	"positive"	1.16920204238196
"1"	"positive"	"ingroup"	"positive"	0.82583106198058
"1"	"negative"	"ingroup"	"positive"	0.730926014034207
"1"	"positive"	"ingroup"	"positive"	0.462525207196582
"1"	"negative"	"ingroup"	"negative"	0.552349814672628
"1"	"positive"	"outgroup"	"positive"	0.536802432169865
"1"	"negative"	"ingroup"	"negative"	0.662180682830143
"1"	"positive"	"ingroup"	"negative"	0.495104939879915
"1"	"positive"	"ingroup"	"positive"	0.658747312039844
"1"	"negative"	"ingroup"	"negative"	0.473414798289464
"1"	"positive"	"outgroup"	"positive"	0.492803966844666
"1"	"positive"	"outgroup"	"positive"	0.492490559893075
"1"	"negative"	"outgroup"	"negative"	0.48275694022512
"1"	"negative"	"ingroup"	"positive"	0.529820250206735
"1"	"negative"	"ingroup"	"negative"	1.1167135651387
"1"	"positive"	"ingroup"	"positive"	1.09218034344042
"1"	"negative"	"outgroup"	"positive"	0.608732235572708
"1"	"positive"	"outgroup"	"positive"	0.546649662231925
"1"	"negative"	"outgroup"	"negative"	0.998276778354959
"1"	"negative"	"ingroup"	"positive"	0.481875516162884
"1"	"positive"	"ingroup"	"positive"	0.457502680871904
"1"	"positive"	"outgroup"	"positive"	0.530714740205645
"1"	"positive"	"ingroup"	"positive"	0.598304163088305
"1"	"negative"	"outgroup"	"negative"	0.467557624650033
"1"	"positive"	"outgroup"	"positive"	0.76296849548252
"1"	"negative"	"ingroup"	"positive"	0.524680246035534
"1"	"positive"	"ingroup"	"positive"	0.935366077150992
"1"	"positive"	"outgroup"	"positive"	0.545879359761428
"1"	"positive"	"ingroup"	"negative"	0.771596652487507
"1"	"negative"	"ingroup"	"negative"	0.858268973475245
"1"	"positive"	"ingroup"	"positive"	0.621617581994357
"1"	"negative"	"outgroup"	"negative"	0.483348876056196
"1"	"positive"	"outgroup"	"positive"	0.549917902610428
"1"	"negative"	"ingroup"	"negative"	0.74173983954993
"1"	"positive"	"ingroup"	"positive"	0.629308222138804
"1"	"negative"	"outgroup"	"negative"	0.567797132904493
"1"	"positive"	"outgroup"	"positive"	0.479695943770248
"1"	"positive"	"ingroup"	"positive"	0.636474452920158
"1"	"positive"	"outgroup"	"positive"	0.552970660671625
"1"	"positive"	"ingroup"	"positive"	0.481596316329665
"1"	"negative"	"ingroup"	"negative"	0.525588623692183
"1"	"positive"	"ingroup"	"positive"	0.45334326634647
"1"	"positive"	"ingroup"	"negative"	0.521418752759058
"1"	"positive"	"outgroup"	"positive"	0.612595987505329
"1"	"negative"	"outgroup"	"negative"	0.648973099589021
"1"	"positive"	"ingroup"	"negative"	0.531383587257244
"1"	"positive"	"outgroup"	"positive"	0.462733783341199
"1"	"positive"	"outgroup"	"negative"	0.66037519911785
"1"	"positive"	"ingroup"	"positive"	0.67779557289817
"1"	"positive"	"ingroup"	"positive"	0.739008616671929
"1"	"negative"	"ingroup"	"negative"	0.614439303551698
"1"	"positive"	"outgroup"	"positive"	0.717863904332511
"1"	"negative"	"ingroup"	"negative"	0.502028809501584
"1"	"negative"	"ingroup"	"negative"	0.645011739003769
"1"	"negative"	"outgroup"	"negative"	0.670617912896965
"1"	"positive"	"ingroup"	"positive"	0.62374423857246
"1"	"positive"	"ingroup"	"negative"	0.6416916402945
"1"	"positive"	"outgroup"	"positive"	0.971218552492009
"1"	"negative"	"ingroup"	"negative"	0.4582159108596
"1"	"positive"	"outgroup"	"positive"	0.821106580011983
"1"	"negative"	"outgroup"	"negative"	0.662770212253432
"1"	"negative"	"outgroup"	"positive"	0.646103179371708
"1"	"positive"	"outgroup"	"positive"	0.70179364405599
"1"	"negative"	"outgroup"	"negative"	0.730613456868306
"1"	"positive"	"ingroup"	"negative"	0.49142379701932
"1"	"positive"	"outgroup"	"negative"	0.941934644192483
"1"	"positive"	"ingroup"	"negative"	1.06008564772379
"1"	"positive"	"outgroup"	"positive"	0.554953028496789
"1"	"negative"	"outgroup"	"positive"	0.555286921310533
"1"	"negative"	"ingroup"	"positive"	0.467718134697043
"1"	"negative"	"outgroup"	"negative"	0.601187481609641
"1"	"negative"	"ingroup"	"negative"	0.681972549702063
"1"	"positive"	"ingroup"	"positive"	0.893132294879944
"1"	"negative"	"outgroup"	"positive"	0.541992159443256
"1"	"positive"	"outgroup"	"negative"	0.595572555042012
"1"	"negative"	"ingroup"	"positive"	0.54544102614092
"1"	"negative"	"ingroup"	"negative"	0.521981572806671
"1"	"positive"	"ingroup"	"negative"	0.875187070835874
"1"	"positive"	"outgroup"	"positive"	0.54876388353763
"1"	"negative"	"ingroup"	"negative"	0.610595621061996
"1"	"negative"	"ingroup"	"negative"	0.508355396135145
"2"	"positive"	"outgroup"	"positive"	0.521582560966847
"2"	"positive"	"ingroup"	"negative"	0.590108898966015
"2"	"negative"	"ingroup"	"negative"	0.607225006152264
"2"	"negative"	"ingroup"	"positive"	0.71670187626901
"2"	"negative"	"outgroup"	"positive"	0.487836886261467
"2"	"positive"	"ingroup"	"positive"	0.691925293080412
"2"	"negative"	"ingroup"	"negative"	0.54889335666237
"2"	"negative"	"ingroup"	"negative"	0.807561958721707
"2"	"negative"	"outgroup"	"negative"	0.47388313937534
"2"	"negative"	"outgroup"	"positive"	0.510631796479066
"2"	"negative"	"ingroup"	"negative"	0.633859015185379
"2"	"positive"	"ingroup"	"positive"	0.620649177807326
"2"	"positive"	"ingroup"	"positive"	1.09262859098742
"2"	"negative"	"outgroup"	"negative"	0.891553108001111
"2"	"negative"	"ingroup"	"positive"	0.628284848189437
"2"	"positive"	"ingroup"	"positive"	0.602747519194455
"2"	"negative"	"ingroup"	"negative"	0.43914564550903
"2"	"positive"	"ingroup"	"positive"	0.531848989743091
"2"	"positive"	"ingroup"	"negative"	0.521402387654118
"2"	"negative"	"ingroup"	"negative"	0.960826572511325
"2"	"positive"	"outgroup"	"positive"	0.445368240925673
"2"	"positive"	"ingroup"	"positive"	0.487359725636768
"2"	"positive"	"outgroup"	"positive"	0.724528933544694
"2"	"positive"	"outgroup"	"positive"	0.639741257247568
"2"	"positive"	"ingroup"	"negative"	0.688958021431778
"2"	"negative"	"outgroup"	"negative"	0.484781290429345
"2"	"negative"	"outgroup"	"negative"	0.484592165658189
"2"	"positive"	"outgroup"	"positive"	0.661136078640404
"2"	"negative"	"ingroup"	"positive"	0.686648783118119
"2"	"negative"	"ingroup"	"positive"	0.914988432707445
"2"	"negative"	"ingroup"	"negative"	0.513167160721
"2"	"negative"	"ingroup"	"negative"	0.805788015916423
"2"	"positive"	"ingroup"	"positive"	0.45511245818367
"2"	"positive"	"ingroup"	"positive"	0.504845452498706
"2"	"positive"	"outgroup"	"negative"	0.5719613771236
"2"	"negative"	"outgroup"	"negative"	0.480782949833862
"2"	"positive"	"ingroup"	"positive"	0.456060742275454
"2"	"negative"	"ingroup"	"negative"	0.606816991207745
"2"	"negative"	"ingroup"	"negative"	0.523004059494786
"2"	"positive"	"outgroup"	"positive"	0.464900991462202
"2"	"positive"	"ingroup"	"positive"	0.659697282564193
"2"	"positive"	"outgroup"	"negative"	0.471404378643529
"2"	"positive"	"outgroup"	"positive"	0.77331596525455
"2"	"positive"	"ingroup"	"positive"	0.469348187672627
"2"	"positive"	"outgroup"	"negative"	0.475561891073672
"2"	"negative"	"ingroup"	"negative"	0.766569714841372
"2"	"negative"	"outgroup"	"negative"	0.943011250507139
"2"	"positive"	"ingroup"	"negative"	0.489888979573876
"2"	"negative"	"ingroup"	"negative"	0.787364402527813
"2"	"positive"	"ingroup"	"positive"	0.584018554213155
"2"	"positive"	"ingroup"	"positive"	0.553357161298857
"2"	"positive"	"outgroup"	"positive"	0.499647963942274
"2"	"positive"	"ingroup"	"positive"	0.626023155434573
"2"	"positive"	"ingroup"	"positive"	0.469287742900551
"2"	"negative"	"ingroup"	"positive"	0.569105717510034
"2"	"positive"	"ingroup"	"positive"	0.575212450175174
"2"	"negative"	"outgroup"	"negative"	0.74121210959662
"2"	"negative"	"ingroup"	"negative"	0.640866907123725
"2"	"positive"	"outgroup"	"positive"	0.734933324476852
"2"	"negative"	"ingroup"	"negative"	0.880542334401345
"2"	"negative"	"ingroup"	"negative"	0.702023529856261
"2"	"positive"	"ingroup"	"positive"	0.478351740072781
"2"	"positive"	"outgroup"	"positive"	0.450717155749464
"2"	"positive"	"outgroup"	"positive"	0.709748919384236
"2"	"negative"	"ingroup"	"positive"	0.426780285970212
"2"	"positive"	"outgroup"	"positive"	0.501927799663308
"2"	"negative"	"outgroup"	"negative"	0.692729959377806
"2"	"negative"	"outgroup"	"negative"	0.733038127684055
"2"	"negative"	"ingroup"	"negative"	1.41984189671308
"2"	"positive"	"outgroup"	"positive"	0.534345360263489
"2"	"positive"	"ingroup"	"negative"	1.45501033100461
"2"	"positive"	"outgroup"	"positive"	0.517149082256153
"2"	"negative"	"ingroup"	"negative"	0.443995641254235
"2"	"negative"	"ingroup"	"positive"	0.653961657597098
"2"	"negative"	"ingroup"	"negative"	0.518805231258373
"2"	"negative"	"ingroup"	"negative"	0.811073312437325
"2"	"positive"	"ingroup"	"positive"	0.597279741233484
"2"	"negative"	"ingroup"	"negative"	0.504240579968923
"2"	"positive"	"ingroup"	"positive"	0.44575567580232
"2"	"positive"	"outgroup"	"positive"	0.531603160798327
"2"	"positive"	"outgroup"	"positive"	0.498648029447878
"2"	"negative"	"outgroup"	"negative"	0.832918115217166
"2"	"negative"	"outgroup"	"positive"	0.901853073492404
"2"	"positive"	"ingroup"	"positive"	0.453118656214424
"2"	"positive"	"ingroup"	"negative"	0.631325269576064
"2"	"positive"	"ingroup"	"positive"	0.60243853441901
"2"	"positive"	"outgroup"	"negative"	0.485276936536637
"2"	"negative"	"ingroup"	"positive"	0.841973937307841
"2"	"positive"	"outgroup"	"positive"	0.840764226247065
"2"	"positive"	"ingroup"	"positive"	0.463205411605279
"2"	"negative"	"outgroup"	"negative"	0.539941587360647
"2"	"positive"	"outgroup"	"positive"	1.11257413437607
"2"	"negative"	"outgroup"	"positive"	0.665626319264623
"2"	"negative"	"ingroup"	"positive"	0.626797640434197
"2"	"negative"	"outgroup"	"positive"	0.501058306525195
"2"	"negative"	"outgroup"	"negative"	0.752755098012673
"2"	"negative"	"ingroup"	"negative"	0.892528345725304
"2"	"negative"	"outgroup"	"positive"	0.567702868789709
"2"	"negative"	"ingroup"	"positive"	0.463717871343778
"2"	"positive"	"ingroup"	"positive"	0.582646191956021
"2"	"positive"	"ingroup"	"positive"	0.463017406051971
"2"	"positive"	"outgroup"	"positive"	0.631282685626791
"2"	"positive"	"ingroup"	"positive"	0.785166462033279
"2"	"positive"	"ingroup"	"positive"	0.451528964167104
"2"	"positive"	"ingroup"	"positive"	1.2106066414683
"2"	"positive"	"ingroup"	"negative"	0.528813327811581
"2"	"positive"	"ingroup"	"negative"	0.475661565707294
"2"	"positive"	"outgroup"	"negative"	1.08393971323983
"2"	"negative"	"ingroup"	"negative"	0.525233228602164
"2"	"positive"	"ingroup"	"positive"	0.514735689457053
"2"	"negative"	"ingroup"	"negative"	0.722020591426534
"2"	"positive"	"outgroup"	"negative"	0.823241096485128
"2"	"negative"	"ingroup"	"negative"	0.824741383138925
"2"	"positive"	"ingroup"	"negative"	0.556452967077203
"2"	"negative"	"outgroup"	"positive"	0.568936224671085
"2"	"positive"	"outgroup"	"negative"	0.446838231535082
"2"	"negative"	"outgroup"	"negative"	0.476920160969572
"2"	"negative"	"outgroup"	"negative"	0.432958668101998
"2"	"negative"	"ingroup"	"positive"	0.539279333238642
"2"	"negative"	"outgroup"	"positive"	0.606712225832632
"2"	"positive"	"outgroup"	"positive"	0.535390998008723
"2"	"negative"	"ingroup"	"positive"	0.514469520802842
"2"	"positive"	"ingroup"	"positive"	0.560904486348162
"2"	"negative"	"ingroup"	"negative"	0.626986549821279
"2"	"positive"	"outgroup"	"positive"	0.949600217187532
"2"	"negative"	"ingroup"	"positive"	0.466151476079156
"2"	"negative"	"outgroup"	"positive"	0.523222434877197
"2"	"positive"	"outgroup"	"positive"	1.09142141529434
"2"	"positive"	"outgroup"	"negative"	0.566819269548359
"2"	"positive"	"ingroup"	"negative"	0.728126295421994
"2"	"negative"	"outgroup"	"negative"	0.946805502015927
"2"	"negative"	"ingroup"	"negative"	0.531430400975195
"2"	"negative"	"ingroup"	"positive"	0.869725558375634
"2"	"negative"	"ingroup"	"negative"	0.480030021237894
"2"	"negative"	"ingroup"	"negative"	0.501163112868168
"2"	"positive"	"outgroup"	"positive"	0.555346686473995
"2"	"positive"	"ingroup"	"positive"	0.819542988271808
"2"	"positive"	"outgroup"	"positive"	0.682824769178692
"2"	"positive"	"ingroup"	"negative"	0.510908751397662
"2"	"positive"	"outgroup"	"positive"	0.649218706992484
"2"	"negative"	"outgroup"	"negative"	0.570002944790092
"2"	"negative"	"outgroup"	"negative"	0.601384649476598
"2"	"negative"	"ingroup"	"negative"	0.624885031031387
"2"	"negative"	"ingroup"	"negative"	0.475074694912248
"2"	"negative"	"outgroup"	"negative"	0.491953488298388
"2"	"positive"	"ingroup"	"positive"	0.420185973029116
"2"	"negative"	"ingroup"	"negative"	0.721086139035947
"2"	"positive"	"outgroup"	"positive"	0.517315970119276
"2"	"negative"	"outgroup"	"positive"	0.559970336183993
"2"	"positive"	"ingroup"	"positive"	0.440576575292522
"2"	"negative"	"outgroup"	"negative"	0.557138585373216
"2"	"positive"	"outgroup"	"positive"	0.496644288353215
"2"	"positive"	"ingroup"	"positive"	0.496035384883724
"2"	"positive"	"outgroup"	"positive"	0.726677187278483
"2"	"positive"	"outgroup"	"negative"	0.601803086598495
"2"	"positive"	"ingroup"	"positive"	0.417392326949822
"2"	"positive"	"ingroup"	"positive"	0.751827975574875
"2"	"negative"	"outgroup"	"negative"	0.67409166412494
"2"	"positive"	"outgroup"	"negative"	0.43010911572325
"2"	"negative"	"outgroup"	"negative"	0.741367891442179
"2"	"positive"	"ingroup"	"positive"	0.588359561385799
"2"	"negative"	"outgroup"	"negative"	0.433960493917345
"2"	"negative"	"outgroup"	"positive"	0.479303215629514
"2"	"negative"	"outgroup"	"negative"	0.65025462726965
"2"	"positive"	"outgroup"	"positive"	0.480725130205011
"2"	"negative"	"outgroup"	"negative"	0.696974176459772
"2"	"positive"	"ingroup"	"positive"	0.50797898747088
"2"	"positive"	"outgroup"	"positive"	0.643751046567906
"2"	"negative"	"outgroup"	"positive"	0.798087201060567
"2"	"positive"	"ingroup"	"positive"	0.417745552325286
"2"	"positive"	"outgroup"	"positive"	0.591823323937332
"2"	"negative"	"outgroup"	"negative"	0.626980320364128
"2"	"positive"	"ingroup"	"negative"	0.637594477097803
"2"	"positive"	"outgroup"	"negative"	0.663438278887646
"2"	"negative"	"ingroup"	"negative"	0.49793725919583
"2"	"positive"	"ingroup"	"positive"	0.980138639434795
"2"	"negative"	"ingroup"	"negative"	0.970064184228662
"2"	"negative"	"outgroup"	"positive"	0.428185096961503
"2"	"negative"	"outgroup"	"negative"	0.454070699634726
"2"	"negative"	"outgroup"	"negative"	0.654492920315367
"2"	"negative"	"ingroup"	"negative"	0.503647211489001
"2"	"positive"	"ingroup"	"positive"	0.748068018717072
"2"	"positive"	"outgroup"	"positive"	0.801727489539865
"2"	"positive"	"outgroup"	"negative"	0.480689652364263
"2"	"negative"	"outgroup"	"negative"	0.623805485032839
"2"	"negative"	"outgroup"	"negative"	0.506129840336106
"2"	"negative"	"outgroup"	"negative"	0.528463877908499
"2"	"positive"	"ingroup"	"positive"	0.520882485416729
"2"	"positive"	"outgroup"	"positive"	0.445479925119236
"2"	"negative"	"ingroup"	"positive"	0.632602678593731
"2"	"negative"	"outgroup"	"positive"	0.491708795000841
"2"	"positive"	"ingroup"	"positive"	0.548516302183947
"2"	"positive"	"ingroup"	"positive"	0.525242979438337
"2"	"positive"	"ingroup"	"positive"	0.781206045472014
"2"	"negative"	"ingroup"	"negative"	0.549969833823733
"2"	"negative"	"ingroup"	"negative"	0.568790801758693
"2"	"negative"	"outgroup"	"positive"	0.824729684431477
"2"	"negative"	"outgroup"	"positive"	1.2721422967572
"2"	"positive"	"outgroup"	"positive"	0.970768875039605
"2"	"positive"	"outgroup"	"positive"	0.523727859384572
"2"	"negative"	"outgroup"	"negative"	0.48945487159183
"2"	"positive"	"ingroup"	"positive"	1.12458786987673
"2"	"negative"	"outgroup"	"negative"	0.451060981384408
"2"	"positive"	"ingroup"	"negative"	1.01652168925708
"2"	"positive"	"outgroup"	"negative"	0.561278764236809
"2"	"positive"	"outgroup"	"positive"	0.806234414609895
"2"	"negative"	"ingroup"	"positive"	0.503054124793046
"2"	"positive"	"outgroup"	"positive"	0.550959671723123
"2"	"positive"	"outgroup"	"negative"	0.738072011982578
"2"	"positive"	"ingroup"	"positive"	0.558961254399693
"2"	"negative"	"outgroup"	"positive"	0.430577695579494
"2"	"positive"	"outgroup"	"positive"	0.713797292455565
"2"	"negative"	"ingroup"	"negative"	0.447587278346049
"2"	"negative"	"outgroup"	"negative"	0.903060586018891
"2"	"negative"	"outgroup"	"positive"	0.558864290224493
"2"	"positive"	"outgroup"	"positive"	0.540660661235506
"2"	"negative"	"ingroup"	"negative"	0.490454849354506
"2"	"negative"	"ingroup"	"positive"	0.630949384154497
"2"	"negative"	"ingroup"	"positive"	0.670463842575434
"2"	"positive"	"outgroup"	"positive"	0.789652837208263
"2"	"positive"	"outgroup"	"negative"	0.676555122888783
"2"	"positive"	"outgroup"	"positive"	0.604541481371819
"2"	"negative"	"ingroup"	"positive"	0.622990437179377
"2"	"positive"	"outgroup"	"positive"	0.487045694482052
"2"	"positive"	"ingroup"	"positive"	0.428339956226204
"2"	"negative"	"ingroup"	"negative"	0.857616404408488
"2"	"negative"	"outgroup"	"negative"	0.444089990498924
"2"	"negative"	"ingroup"	"positive"	0.702579315929485
"2"	"positive"	"ingroup"	"negative"	1.02973089656878
"2"	"negative"	"ingroup"	"negative"	0.485619173692903
"2"	"positive"	"ingroup"	"positive"	0.621713741931877
"2"	"negative"	"ingroup"	"negative"	0.681719888539266
"2"	"negative"	"outgroup"	"negative"	0.690041029566017
"2"	"negative"	"outgroup"	"negative"	0.451222864549821
"2"	"negative"	"outgroup"	"negative"	0.442327460534424
"2"	"positive"	"ingroup"	"positive"	0.433107553348413
"2"	"negative"	"outgroup"	"negative"	0.728531926019766
"2"	"negative"	"outgroup"	"negative"	0.426324900180371
"2"	"negative"	"outgroup"	"positive"	0.571408273041364
"2"	"positive"	"outgroup"	"positive"	0.727640820403666
"2"	"positive"	"outgroup"	"positive"	0.653979741788595
"2"	"negative"	"outgroup"	"negative"	0.512983285359421
"2"	"negative"	"ingroup"	"positive"	0.440881505508024
"2"	"positive"	"ingroup"	"positive"	0.734734929913
"2"	"negative"	"outgroup"	"negative"	0.496480856108098
"2"	"positive"	"ingroup"	"negative"	0.453534938373282
"2"	"positive"	"outgroup"	"positive"	0.570665488561455
"2"	"negative"	"ingroup"	"negative"	0.493016531152349
"2"	"positive"	"outgroup"	"negative"	0.616817633814018
"2"	"negative"	"outgroup"	"negative"	0.480009552910848
"2"	"negative"	"outgroup"	"negative"	0.45676903838376
"2"	"negative"	"ingroup"	"negative"	0.516286926936395
"2"	"positive"	"ingroup"	"positive"	0.519463407836208
"2"	"negative"	"ingroup"	"positive"	0.42980337689627
"2"	"negative"	"outgroup"	"negative"	0.529834645938139
"2"	"positive"	"ingroup"	"positive"	0.493176739699195
"2"	"negative"	"ingroup"	"negative"	0.460252203078209
"2"	"positive"	"ingroup"	"positive"	0.466180793559486
"2"	"positive"	"outgroup"	"positive"	0.482898175891164
"2"	"positive"	"outgroup"	"positive"	0.734261513947541
"2"	"positive"	"outgroup"	"positive"	0.616148153235516
"2"	"positive"	"outgroup"	"positive"	0.673462390164424
"2"	"positive"	"outgroup"	"negative"	0.811240012346877
"2"	"positive"	"ingroup"	"positive"	0.491164295625884
"2"	"positive"	"ingroup"	"negative"	0.50396993611936
"2"	"negative"	"ingroup"	"negative"	0.750946610764931
"2"	"positive"	"ingroup"	"negative"	0.743659353708259
"2"	"negative"	"ingroup"	"negative"	0.552555608010949
"2"	"negative"	"outgroup"	"negative"	0.6221287913654
"2"	"positive"	"outgroup"	"negative"	0.522037740295492
"2"	"negative"	"ingroup"	"negative"	0.953674274228019
"2"	"positive"	"ingroup"	"positive"	0.597323669837644
"2"	"positive"	"outgroup"	"positive"	0.467891018803392
"2"	"positive"	"outgroup"	"positive"	1.10356994405531
"2"	"positive"	"outgroup"	"negative"	0.645555542272607
"2"	"negative"	"ingroup"	"negative"	0.52192568375999
"2"	"positive"	"ingroup"	"positive"	0.694134882760914
"2"	"negative"	"ingroup"	"negative"	0.708196731646112
"2"	"negative"	"outgroup"	"negative"	0.790440539320116
"2"	"positive"	"ingroup"	"positive"	0.434174133509648
"2"	"positive"	"outgroup"	"positive"	0.604390752093742
"2"	"negative"	"ingroup"	"negative"	0.49759039183011
"2"	"positive"	"ingroup"	"positive"	0.447848990899741
"2"	"positive"	"outgroup"	"positive"	0.54772284257436
"2"	"positive"	"ingroup"	"positive"	0.433224454930273
"2"	"positive"	"ingroup"	"negative"	0.592148251067281
"2"	"positive"	"outgroup"	"positive"	0.626901449374101
"2"	"positive"	"ingroup"	"positive"	0.451761103418687
"2"	"positive"	"outgroup"	"negative"	0.722086246031724
"2"	"negative"	"outgroup"	"negative"	0.605301322453784
"2"	"positive"	"outgroup"	"positive"	0.490223377631116
"2"	"negative"	"ingroup"	"negative"	0.508874252264738
"2"	"positive"	"ingroup"	"positive"	1.06680659415049
"2"	"negative"	"outgroup"	"negative"	0.896357578873818
"2"	"positive"	"outgroup"	"negative"	0.5152797356523
"2"	"negative"	"outgroup"	"negative"	0.568112562039138
"2"	"negative"	"outgroup"	"negative"	0.417370019777654
"2"	"negative"	"ingroup"	"positive"	0.503137412599688
"2"	"positive"	"outgroup"	"positive"	0.465255960582156
"2"	"positive"	"outgroup"	"positive"	0.563650709471983
"2"	"negative"	"outgroup"	"negative"	0.469631168282428
"2"	"negative"	"ingroup"	"negative"	0.513423034917168
"2"	"negative"	"outgroup"	"negative"	0.477518589583857
"2"	"negative"	"ingroup"	"negative"	0.413092371964097
"2"	"negative"	"outgroup"	"negative"	0.956716528574107
"2"	"positive"	"ingroup"	"negative"	0.695496989096315
"2"	"positive"	"ingroup"	"negative"	0.578444613850222
"2"	"positive"	"ingroup"	"positive"	0.505170273955616
"2"	"negative"	"outgroup"	"negative"	0.807720305799707
"2"	"negative"	"ingroup"	"negative"	0.606719176536646
"2"	"positive"	"ingroup"	"positive"	0.644148770106115
"2"	"positive"	"outgroup"	"positive"	0.753459124718788
"2"	"negative"	"outgroup"	"positive"	0.669766385493483
"2"	"positive"	"ingroup"	"negative"	0.467756551717327
"2"	"negative"	"ingroup"	"negative"	0.471804290601225
"2"	"positive"	"outgroup"	"positive"	0.891539202885811
"2"	"negative"	"ingroup"	"negative"	0.765110281346625
"2"	"positive"	"outgroup"	"positive"	0.461334388842125
"2"	"negative"	"ingroup"	"positive"	0.539046819875041
"2"	"negative"	"ingroup"	"negative"	0.547144363730279
"2"	"positive"	"outgroup"	"positive"	0.941019094459755
"2"	"positive"	"ingroup"	"positive"	0.558540595192066
"2"	"positive"	"ingroup"	"negative"	0.895587348016677
"2"	"negative"	"outgroup"	"negative"	0.536773129193012
"2"	"negative"	"outgroup"	"negative"	0.536911672872645
"2"	"positive"	"ingroup"	"positive"	0.44915074948165
"2"	"negative"	"ingroup"	"negative"	0.470806561992592
"2"	"positive"	"outgroup"	"positive"	0.53732482576
"2"	"negative"	"ingroup"	"positive"	0.798950516720785
"2"	"positive"	"ingroup"	"positive"	0.577750056091074
"2"	"negative"	"outgroup"	"negative"	0.511467202278141
"2"	"negative"	"outgroup"	"negative"	0.455465753274084
"2"	"negative"	"outgroup"	"negative"	0.571870027229695
"2"	"negative"	"outgroup"	"positive"	0.457610352047582
"2"	"negative"	"ingroup"	"negative"	0.435642789475332
"2"	"positive"	"outgroup"	"negative"	0.648320746493329
"2"	"positive"	"outgroup"	"positive"	0.799341906593096
"2"	"positive"	"outgroup"	"positive"	0.879535233145515
"2"	"positive"	"ingroup"	"positive"	0.477135695377706
"2"	"positive"	"outgroup"	"positive"	0.575574307887196
"2"	"negative"	"ingroup"	"negative"	0.518048280050177
"2"	"positive"	"ingroup"	"positive"	0.553377000610545
"2"	"negative"	"outgroup"	"negative"	0.65682085820967
"2"	"negative"	"ingroup"	"negative"	0.488412483226881
"2"	"positive"	"outgroup"	"positive"	0.494216224141297
"2"	"negative"	"outgroup"	"negative"	0.455428240412362
"2"	"positive"	"outgroup"	"positive"	0.650598656113075
"2"	"positive"	"outgroup"	"negative"	0.427989154619487
"2"	"negative"	"ingroup"	"negative"	0.658896888720105
"2"	"positive"	"outgroup"	"positive"	0.819517956102136
"2"	"negative"	"ingroup"	"negative"	0.501778499101415
"2"	"negative"	"ingroup"	"positive"	1.01530708747788
"2"	"negative"	"ingroup"	"positive"	0.799288518174446
"2"	"negative"	"outgroup"	"negative"	0.53148495018484
"2"	"negative"	"ingroup"	"negative"	0.619479138148485
"2"	"positive"	"ingroup"	"positive"	0.635863532782384
"2"	"positive"	"ingroup"	"positive"	0.511159784575432
"2"	"negative"	"ingroup"	"negative"	0.59633175944928
"2"	"positive"	"ingroup"	"positive"	1.09665138842218
"2"	"positive"	"outgroup"	"positive"	0.658480835534212
"2"	"negative"	"outgroup"	"negative"	0.650768788100649
"2"	"positive"	"outgroup"	"positive"	0.461254463234302
"2"	"positive"	"outgroup"	"negative"	0.700104410649577
"2"	"negative"	"ingroup"	"positive"	0.714031108523476
"2"	"negative"	"ingroup"	"negative"	0.545364959715711
"2"	"positive"	"ingroup"	"positive"	0.727373762034048
"2"	"positive"	"ingroup"	"positive"	0.562009858968615
"2"	"positive"	"outgroup"	"positive"	0.531216887060538
"2"	"negative"	"ingroup"	"negative"	0.432548502032474
"2"	"negative"	"outgroup"	"positive"	0.745241853096471
"2"	"positive"	"outgroup"	"positive"	0.789964032092669
"2"	"negative"	"ingroup"	"negative"	0.538971210329938
"2"	"negative"	"outgroup"	"negative"	0.518761776366629
"2"	"positive"	"outgroup"	"negative"	0.612889772625768
"2"	"positive"	"outgroup"	"positive"	0.938876119173062
"2"	"positive"	"ingroup"	"positive"	0.435286333165941
"2"	"positive"	"ingroup"	"positive"	0.640370085489573
"2"	"positive"	"outgroup"	"negative"	0.69030694117267
"2"	"negative"	"ingroup"	"negative"	0.525629263885662
"2"	"negative"	"ingroup"	"positive"	0.930091661730637
"2"	"negative"	"ingroup"	"positive"	0.893816580609401
"2"	"negative"	"outgroup"	"positive"	0.418219519137071
"2"	"negative"	"ingroup"	"positive"	0.557118632940965
"2"	"negative"	"ingroup"	"negative"	0.72877497006818
"2"	"negative"	"outgroup"	"negative"	0.536271561289579
"2"	"positive"	"outgroup"	"positive"	0.905463256242875
"2"	"negative"	"outgroup"	"positive"	0.526501464164727
"2"	"negative"	"ingroup"	"positive"	0.636325906139006
"2"	"negative"	"outgroup"	"negative"	0.485776975348406
"2"	"negative"	"ingroup"	"negative"	0.879646938848569
"2"	"negative"	"ingroup"	"negative"	0.551024830709605
"2"	"positive"	"ingroup"	"negative"	0.519557625488864
"2"	"negative"	"outgroup"	"negative"	0.723500129811691
"2"	"positive"	"outgroup"	"positive"	0.529678315749923
"2"	"negative"	"outgroup"	"positive"	0.601826813365383
"2"	"positive"	"ingroup"	"negative"	0.440168057007749
"2"	"negative"	"outgroup"	"positive"	0.74673905098353
"2"	"positive"	"ingroup"	"positive"	0.5096880594288
"2"	"negative"	"outgroup"	"negative"	0.468257440630427
"2"	"positive"	"ingroup"	"positive"	0.487480313250274
"2"	"negative"	"ingroup"	"negative"	0.445606647105059
"2"	"negative"	"ingroup"	"negative"	0.50728930504505
"2"	"negative"	"ingroup"	"negative"	0.618671704629343
"2"	"negative"	"outgroup"	"negative"	0.813276750431777
"2"	"positive"	"outgroup"	"positive"	0.44870033419833
"2"	"negative"	"outgroup"	"negative"	0.49062700927232
"2"	"negative"	"outgroup"	"positive"	1.25293070188471
"2"	"positive"	"ingroup"	"positive"	0.443620896688439
"2"	"positive"	"outgroup"	"negative"	0.45676279436554
"2"	"positive"	"outgroup"	"positive"	0.662518614380643
"2"	"positive"	"ingroup"	"negative"	0.467202712504391
"2"	"negative"	"outgroup"	"negative"	1.38082431746685
"2"	"negative"	"outgroup"	"negative"	0.809342549193058
"2"	"positive"	"ingroup"	"positive"	0.760025557986307
"2"	"negative"	"ingroup"	"negative"	0.506920551128887
"2"	"negative"	"outgroup"	"negative"	0.586946682679922
"2"	"negative"	"outgroup"	"negative"	0.606786373266722
"2"	"positive"	"outgroup"	"positive"	0.464086113510829
"2"	"positive"	"ingroup"	"positive"	0.741296086773218
"2"	"negative"	"ingroup"	"negative"	0.620028599708075
"2"	"negative"	"ingroup"	"negative"	0.610822609974878
"2"	"negative"	"ingroup"	"negative"	0.416710773723626
"2"	"positive"	"ingroup"	"negative"	0.55355158648803
"2"	"negative"	"outgroup"	"positive"	0.682427956561175
"2"	"positive"	"outgroup"	"positive"	0.709016798882141
"2"	"negative"	"outgroup"	"negative"	0.772429578593547
"2"	"negative"	"outgroup"	"negative"	0.469545395380803
"2"	"negative"	"outgroup"	"negative"	0.494977392581114
"2"	"positive"	"ingroup"	"positive"	0.573733098496726
"2"	"positive"	"outgroup"	"positive"	0.500492599109806
"2"	"negative"	"ingroup"	"negative"	0.801919476533198
"2"	"positive"	"ingroup"	"positive"	0.555775925936011
"2"	"positive"	"ingroup"	"positive"	0.725296837752353
"2"	"positive"	"ingroup"	"negative"	0.498622525585849
"2"	"positive"	"outgroup"	"negative"	0.448469008329403
"2"	"negative"	"ingroup"	"negative"	0.709638472893287
"2"	"positive"	"outgroup"	"positive"	0.557508502837677
"2"	"positive"	"ingroup"	"negative"	0.638182861904051
"2"	"negative"	"outgroup"	"negative"	0.719024433185448
"2"	"negative"	"outgroup"	"negative"	0.48514908527217
"2"	"negative"	"outgroup"	"negative"	0.573960923220048
"2"	"positive"	"outgroup"	"positive"	0.577056433445031
"2"	"negative"	"outgroup"	"positive"	0.519546863494575
"2"	"negative"	"outgroup"	"positive"	0.53830129483417
"2"	"negative"	"outgroup"	"negative"	0.450107678111241
"2"	"positive"	"ingroup"	"negative"	0.856132015630496
"2"	"negative"	"outgroup"	"negative"	0.614767977731215
"2"	"negative"	"ingroup"	"positive"	0.529921042204911
"2"	"negative"	"outgroup"	"negative"	0.534570787950557
"2"	"positive"	"outgroup"	"positive"	0.623177791494781
"2"	"negative"	"outgroup"	"negative"	0.530438329788652
"2"	"positive"	"outgroup"	"positive"	0.897144127494126
"2"	"positive"	"ingroup"	"positive"	0.687880816151462
"2"	"positive"	"ingroup"	"positive"	0.695195917052068
"2"	"negative"	"outgroup"	"negative"	0.982038158012019
"2"	"positive"	"outgroup"	"positive"	0.563021977605161
"2"	"negative"	"ingroup"	"negative"	0.68333170890656
"2"	"positive"	"ingroup"	"positive"	0.529923453256232
"2"	"positive"	"outgroup"	"positive"	0.57306203302575
"2"	"positive"	"outgroup"	"negative"	0.94226349656352
"3"	"positive"	"outgroup"	"positive"	0.740208158328246
"3"	"negative"	"ingroup"	"negative"	0.424622659279994
"3"	"positive"	"ingroup"	"positive"	0.446761580840295
"3"	"negative"	"ingroup"	"negative"	0.322766480789322
"3"	"positive"	"ingroup"	"positive"	0.483594712138786
"3"	"positive"	"outgroup"	"positive"	0.494187837179211
"3"	"negative"	"outgroup"	"positive"	0.353455331621596
"3"	"positive"	"ingroup"	"positive"	0.394629520728424
"3"	"positive"	"outgroup"	"positive"	0.275887106638365
"3"	"positive"	"outgroup"	"positive"	0.781129754020871
"3"	"negative"	"ingroup"	"negative"	0.241861238752413
"3"	"negative"	"ingroup"	"negative"	0.485316188424938
"3"	"positive"	"ingroup"	"positive"	0.262107684641769
"3"	"positive"	"outgroup"	"negative"	0.289493289665618
"3"	"positive"	"outgroup"	"negative"	0.404251793134629
"3"	"negative"	"outgroup"	"positive"	0.395301388581073
"3"	"positive"	"outgroup"	"negative"	0.287906387263796
"3"	"negative"	"outgroup"	"negative"	0.263705033323457
"3"	"positive"	"outgroup"	"positive"	1.07751495052346
"3"	"negative"	"ingroup"	"negative"	0.589374314567379
"3"	"positive"	"ingroup"	"negative"	0.35785646515671
"3"	"negative"	"outgroup"	"negative"	0.460590203097215
"3"	"positive"	"outgroup"	"negative"	0.257567147200041
"3"	"positive"	"outgroup"	"negative"	0.319412085194729
"3"	"negative"	"outgroup"	"negative"	0.464061535452282
"3"	"positive"	"outgroup"	"negative"	0.269171090243639
"3"	"positive"	"ingroup"	"positive"	0.7774370137618
"3"	"negative"	"ingroup"	"negative"	0.448386170448063
"3"	"positive"	"outgroup"	"positive"	0.460354871715962
"3"	"negative"	"ingroup"	"positive"	0.476230036633007
"3"	"positive"	"outgroup"	"positive"	0.391277478031028
"3"	"positive"	"outgroup"	"positive"	0.327929764589139
"3"	"negative"	"outgroup"	"negative"	0.591036366890079
"3"	"positive"	"outgroup"	"positive"	0.945418133180179
"3"	"positive"	"outgroup"	"positive"	0.562876787762135
"3"	"negative"	"outgroup"	"negative"	0.391924784837787
"3"	"positive"	"ingroup"	"positive"	0.335722242700735
"3"	"negative"	"ingroup"	"negative"	0.462293292804139
"3"	"positive"	"outgroup"	"positive"	0.400478577952381
"3"	"positive"	"outgroup"	"negative"	0.327172114619805
"3"	"negative"	"outgroup"	"negative"	0.39868110203332
"3"	"positive"	"ingroup"	"negative"	0.405880574353744
"3"	"positive"	"ingroup"	"positive"	0.424449285235125
"3"	"positive"	"outgroup"	"positive"	0.422870373794621
"3"	"negative"	"ingroup"	"negative"	0.96877858616472
"3"	"negative"	"ingroup"	"positive"	0.249001594477322
"3"	"positive"	"ingroup"	"positive"	1.09484908894675
"3"	"negative"	"outgroup"	"negative"	0.374494695093681
"3"	"negative"	"outgroup"	"negative"	0.435944497310849
"3"	"negative"	"ingroup"	"negative"	0.328913828062131
"3"	"positive"	"ingroup"	"positive"	0.286560062001177
"3"	"positive"	"outgroup"	"positive"	0.488238795550818
"3"	"positive"	"ingroup"	"positive"	0.693782920869179
"3"	"negative"	"outgroup"	"negative"	0.458926908066743
"3"	"negative"	"outgroup"	"negative"	0.397879060104396
"3"	"negative"	"ingroup"	"negative"	0.311703548873285
"3"	"negative"	"outgroup"	"negative"	0.277320250977836
"3"	"positive"	"outgroup"	"positive"	0.28321456834597
"3"	"negative"	"ingroup"	"negative"	0.726652996522299
"3"	"positive"	"ingroup"	"positive"	0.434894914424818
"3"	"negative"	"ingroup"	"negative"	0.646704531171376
"3"	"negative"	"ingroup"	"negative"	0.316067068679235
"3"	"negative"	"outgroup"	"negative"	0.305230350541854
"3"	"positive"	"ingroup"	"positive"	0.689134725096344
"3"	"negative"	"ingroup"	"positive"	0.290263867564008
"3"	"positive"	"outgroup"	"positive"	0.296863799871488
"3"	"negative"	"outgroup"	"negative"	0.254394419157877
"3"	"positive"	"ingroup"	"positive"	0.251362369148636
"3"	"negative"	"outgroup"	"negative"	0.430393399571531
"3"	"positive"	"ingroup"	"positive"	1.04993116995817
"3"	"negative"	"ingroup"	"negative"	0.288035783983559
"3"	"negative"	"outgroup"	"negative"	0.421683716729742
"3"	"positive"	"outgroup"	"positive"	0.671770992811156
"3"	"negative"	"ingroup"	"positive"	0.381489957207744
"3"	"negative"	"outgroup"	"negative"	0.300229887889195
"3"	"negative"	"ingroup"	"positive"	0.277318221098108
"3"	"negative"	"outgroup"	"positive"	0.347296214917992
"3"	"negative"	"outgroup"	"positive"	0.586829243378616
"3"	"negative"	"outgroup"	"positive"	0.647371540185
"3"	"positive"	"outgroup"	"positive"	0.269378096011044
"3"	"negative"	"outgroup"	"positive"	0.302519700326107
"3"	"positive"	"outgroup"	"positive"	0.450237581920963
"3"	"positive"	"ingroup"	"positive"	0.263936064654671
"3"	"negative"	"outgroup"	"negative"	0.378060112087134
"3"	"negative"	"outgroup"	"negative"	0.444679936149122
"3"	"positive"	"ingroup"	"positive"	0.402322417860818
"3"	"negative"	"outgroup"	"negative"	0.429267495530931
"3"	"positive"	"outgroup"	"positive"	0.5939979297874
"3"	"positive"	"outgroup"	"positive"	0.434356731103505
"3"	"positive"	"outgroup"	"positive"	0.373842765035207
"3"	"positive"	"ingroup"	"positive"	0.806700581266107
"3"	"negative"	"ingroup"	"negative"	0.920531786763089
"3"	"negative"	"ingroup"	"negative"	0.445062687130448
"3"	"negative"	"ingroup"	"negative"	0.335721521800696
"3"	"positive"	"ingroup"	"positive"	0.496675943102365
"3"	"positive"	"ingroup"	"positive"	0.304038952874021
"3"	"negative"	"outgroup"	"negative"	0.443964199789567
"3"	"positive"	"outgroup"	"negative"	0.366454804943767
"3"	"negative"	"ingroup"	"positive"	0.939183806581766
"3"	"positive"	"outgroup"	"positive"	0.33296950856049
"3"	"negative"	"outgroup"	"negative"	0.277284730120264
"3"	"negative"	"outgroup"	"positive"	0.633290807150047
"3"	"negative"	"outgroup"	"negative"	0.292731694916235
"3"	"positive"	"ingroup"	"negative"	0.252278605819071
"3"	"positive"	"outgroup"	"positive"	0.368907934176215
"3"	"positive"	"ingroup"	"negative"	0.49181040422297
"3"	"negative"	"outgroup"	"negative"	0.788082463368717
"3"	"positive"	"ingroup"	"positive"	0.550990497521663
"3"	"positive"	"ingroup"	"negative"	0.744561892133446
"3"	"negative"	"outgroup"	"negative"	0.456797655728337
"3"	"positive"	"outgroup"	"negative"	0.263527580090404
"3"	"negative"	"outgroup"	"negative"	0.339567378136671
"3"	"positive"	"outgroup"	"positive"	0.417122910444957
"3"	"negative"	"ingroup"	"negative"	0.785267623849664
"3"	"negative"	"ingroup"	"negative"	0.617443551668736
"3"	"negative"	"ingroup"	"negative"	0.696484988020278
"3"	"positive"	"outgroup"	"positive"	0.453285129966297
"3"	"positive"	"ingroup"	"negative"	0.484750145591922
"3"	"positive"	"outgroup"	"positive"	0.73307480810926
"3"	"positive"	"outgroup"	"positive"	0.385859645257543
"3"	"negative"	"outgroup"	"negative"	0.46357356184431
"3"	"positive"	"outgroup"	"positive"	0.40634310133866
"3"	"positive"	"ingroup"	"positive"	0.281559314743046
"3"	"positive"	"ingroup"	"positive"	0.311695117972383
"3"	"positive"	"outgroup"	"negative"	0.551591275301792
"3"	"positive"	"outgroup"	"positive"	0.306441890545809
"3"	"negative"	"ingroup"	"negative"	0.265567024896561
"3"	"negative"	"outgroup"	"negative"	0.244992116269115
"3"	"negative"	"ingroup"	"negative"	0.274136527335418
"3"	"negative"	"outgroup"	"positive"	0.310827368049254
"3"	"negative"	"outgroup"	"negative"	0.711414313574012
"3"	"positive"	"ingroup"	"positive"	0.277526115203874
"3"	"positive"	"outgroup"	"positive"	0.25176880058079
"3"	"negative"	"outgroup"	"positive"	0.431068950928085
"3"	"positive"	"outgroup"	"positive"	0.425631743784956
"3"	"negative"	"outgroup"	"negative"	0.605803577325486
"3"	"positive"	"ingroup"	"negative"	0.290353629657881
"3"	"positive"	"outgroup"	"positive"	0.327491009902767
"3"	"negative"	"outgroup"	"negative"	0.737731400371807
"3"	"negative"	"outgroup"	"negative"	0.418854048869438
"3"	"positive"	"ingroup"	"negative"	0.358949359872896
"3"	"negative"	"ingroup"	"negative"	0.366260108336744
"3"	"negative"	"outgroup"	"negative"	0.669381209594506
"3"	"negative"	"outgroup"	"negative"	0.305137942244759
"3"	"positive"	"ingroup"	"negative"	0.425593211617761
"3"	"positive"	"outgroup"	"positive"	0.887459553333175
"3"	"positive"	"ingroup"	"positive"	0.320834565005426
"3"	"positive"	"ingroup"	"positive"	0.373047678189123
"3"	"positive"	"outgroup"	"positive"	0.324145906082695
"3"	"positive"	"ingroup"	"positive"	0.504339382293908
"3"	"negative"	"ingroup"	"negative"	0.375843529204227
"3"	"negative"	"ingroup"	"positive"	0.340608317791839
"3"	"positive"	"ingroup"	"positive"	0.323247634518027
"3"	"positive"	"outgroup"	"positive"	0.375818863159558
"3"	"positive"	"outgroup"	"positive"	0.471530015467439
"3"	"positive"	"ingroup"	"positive"	0.309334425435712
"3"	"negative"	"ingroup"	"negative"	0.272760703087146
"3"	"negative"	"outgroup"	"negative"	0.426278086956779
"3"	"negative"	"ingroup"	"negative"	0.311609391516325
"3"	"positive"	"outgroup"	"positive"	0.44683088162797
"3"	"negative"	"outgroup"	"negative"	0.288183216968772
"3"	"positive"	"ingroup"	"negative"	0.344374092275799
"3"	"negative"	"ingroup"	"positive"	0.603240107578229
"3"	"positive"	"ingroup"	"negative"	0.38018738071095
"3"	"positive"	"ingroup"	"positive"	0.70278792136861
"3"	"positive"	"outgroup"	"positive"	0.323877044188984
"3"	"positive"	"ingroup"	"positive"	0.486640065261175
"3"	"positive"	"outgroup"	"negative"	0.6948180539241
"3"	"positive"	"ingroup"	"positive"	0.563210059328085
"3"	"negative"	"outgroup"	"negative"	0.697333198160485
"3"	"positive"	"ingroup"	"positive"	0.603899763000699
"3"	"negative"	"outgroup"	"negative"	0.566076421014935
"3"	"negative"	"ingroup"	"positive"	0.288920205672837
"3"	"positive"	"outgroup"	"positive"	0.478111547108817
"3"	"negative"	"outgroup"	"negative"	0.418492957038324
"3"	"negative"	"outgroup"	"negative"	0.25872760837628
"3"	"positive"	"outgroup"	"positive"	0.285333950868667
"3"	"negative"	"ingroup"	"negative"	0.257832834591392
"3"	"negative"	"outgroup"	"positive"	0.796954888106449
"3"	"positive"	"outgroup"	"positive"	0.341704678805571
"3"	"negative"	"ingroup"	"positive"	0.260805207856818
"3"	"positive"	"ingroup"	"positive"	0.603632053847274
"3"	"positive"	"ingroup"	"negative"	0.46118739662554
"3"	"negative"	"outgroup"	"negative"	0.652602804500235
"3"	"positive"	"ingroup"	"positive"	0.407738840788431
"3"	"positive"	"ingroup"	"negative"	0.312682614515534
"3"	"negative"	"outgroup"	"positive"	0.375466762008886
"3"	"negative"	"outgroup"	"positive"	0.27807499861818
"3"	"positive"	"ingroup"	"positive"	0.243187600233852
"3"	"positive"	"outgroup"	"positive"	0.370022685867493
"3"	"negative"	"outgroup"	"negative"	0.407732090067007
"3"	"positive"	"ingroup"	"positive"	0.518714328106487
"3"	"positive"	"ingroup"	"positive"	0.247629703712947
"3"	"negative"	"outgroup"	"negative"	0.329865278768247
"3"	"negative"	"outgroup"	"negative"	0.403801162310042
"3"	"positive"	"outgroup"	"positive"	0.354471251638481
"3"	"negative"	"ingroup"	"negative"	0.335419391397028
"3"	"positive"	"outgroup"	"positive"	0.703070505268956
"3"	"negative"	"outgroup"	"negative"	0.415759823658544
"3"	"negative"	"outgroup"	"positive"	0.422666244592685
"3"	"negative"	"ingroup"	"negative"	0.384550615062556
"3"	"positive"	"ingroup"	"negative"	0.358334769628284
"3"	"negative"	"ingroup"	"negative"	0.486673988422156
"3"	"negative"	"ingroup"	"negative"	0.845238988654457
"3"	"negative"	"outgroup"	"positive"	0.391215264986239
"3"	"negative"	"ingroup"	"negative"	0.293741891103679
"3"	"positive"	"ingroup"	"positive"	0.524984415618842
"3"	"negative"	"outgroup"	"negative"	0.27967008955959
"3"	"positive"	"outgroup"	"positive"	0.308965640647077
"3"	"negative"	"ingroup"	"negative"	0.237362401536844
"3"	"positive"	"ingroup"	"negative"	0.865004772723051
"3"	"negative"	"ingroup"	"negative"	0.460009808647071
"3"	"positive"	"ingroup"	"positive"	0.417841493281983
"3"	"positive"	"ingroup"	"positive"	0.434759607700965
"3"	"negative"	"ingroup"	"positive"	1.17218071860177
"3"	"positive"	"ingroup"	"positive"	0.249618083899139
"3"	"negative"	"outgroup"	"negative"	0.258295476579979
"3"	"positive"	"ingroup"	"positive"	0.638661454501387
"3"	"negative"	"outgroup"	"negative"	0.268654994773663
"3"	"positive"	"ingroup"	"negative"	0.355341422573028
"3"	"negative"	"ingroup"	"positive"	0.705718510660448
"3"	"positive"	"ingroup"	"positive"	0.323418085021299
"3"	"positive"	"ingroup"	"positive"	0.253823880536103
"3"	"positive"	"ingroup"	"negative"	0.789468643380364
"3"	"negative"	"ingroup"	"negative"	0.356748300740518
"3"	"negative"	"ingroup"	"negative"	0.688498026509553
"3"	"positive"	"outgroup"	"positive"	0.356143127549084
"3"	"negative"	"ingroup"	"positive"	0.736526971976605
"3"	"positive"	"ingroup"	"negative"	0.34932288440141
"3"	"negative"	"ingroup"	"negative"	0.564692878918265
"3"	"negative"	"ingroup"	"negative"	0.408173423065688
"3"	"positive"	"outgroup"	"positive"	0.498853817653523
"3"	"negative"	"ingroup"	"negative"	0.522376219464531
"3"	"negative"	"ingroup"	"negative"	0.544495972984406
"3"	"positive"	"outgroup"	"positive"	0.687707723896196
"3"	"positive"	"ingroup"	"positive"	0.370821508308802
"3"	"positive"	"outgroup"	"positive"	0.554860839925373
"3"	"negative"	"outgroup"	"negative"	0.299155899659789
"3"	"positive"	"outgroup"	"negative"	0.276894132953332
"3"	"positive"	"outgroup"	"positive"	0.390424970304976
"3"	"positive"	"ingroup"	"positive"	0.409848878462008
"3"	"negative"	"ingroup"	"negative"	0.298693487679884
"3"	"negative"	"outgroup"	"positive"	0.40517875444403
"3"	"positive"	"outgroup"	"positive"	0.436283344808422
"3"	"negative"	"ingroup"	"negative"	0.44541010545834
"3"	"positive"	"ingroup"	"positive"	0.337128297102144
"3"	"negative"	"outgroup"	"negative"	0.298442215983844
"3"	"negative"	"ingroup"	"positive"	0.476672251701882
"3"	"positive"	"ingroup"	"positive"	0.507917869298489
"3"	"positive"	"ingroup"	"positive"	0.383424473218683
"3"	"negative"	"ingroup"	"negative"	0.515408510351341
"3"	"positive"	"ingroup"	"positive"	0.530866860663341
"3"	"positive"	"outgroup"	"positive"	0.398667227608202
"3"	"negative"	"ingroup"	"negative"	0.556475511347944
"3"	"positive"	"ingroup"	"positive"	0.325604617896127
"3"	"negative"	"ingroup"	"negative"	0.274785885825972
"3"	"negative"	"ingroup"	"negative"	0.332129281093251
"3"	"positive"	"outgroup"	"negative"	0.24715253930678
"3"	"negative"	"ingroup"	"negative"	0.325845563339374
"3"	"negative"	"ingroup"	"negative"	0.661953140080873
"3"	"negative"	"ingroup"	"negative"	0.328748647530991
"3"	"negative"	"ingroup"	"positive"	0.502104126634449
"3"	"positive"	"ingroup"	"positive"	0.300546171390758
"3"	"negative"	"outgroup"	"negative"	0.395956079251784
"3"	"positive"	"outgroup"	"positive"	0.989981542834084
"3"	"negative"	"outgroup"	"positive"	0.309725470259245
"3"	"negative"	"ingroup"	"negative"	0.409409020529209
"3"	"negative"	"outgroup"	"negative"	0.612132333381244
"3"	"positive"	"outgroup"	"negative"	0.398896432891196
"3"	"negative"	"outgroup"	"negative"	0.278398526654518
"3"	"positive"	"ingroup"	"positive"	0.430449993369004
"3"	"positive"	"outgroup"	"positive"	0.543679282309037
"3"	"positive"	"ingroup"	"positive"	0.307565652450261
"3"	"positive"	"outgroup"	"positive"	0.603875673152811
"3"	"positive"	"ingroup"	"negative"	1.15749227845088
"3"	"positive"	"outgroup"	"positive"	0.357073830396118
"3"	"negative"	"ingroup"	"negative"	0.317758208163916
"3"	"positive"	"outgroup"	"positive"	0.595703936627686
"3"	"negative"	"outgroup"	"negative"	0.298756373432331
"3"	"negative"	"outgroup"	"negative"	0.583043865874137
"3"	"positive"	"outgroup"	"positive"	0.278303280173812
"3"	"negative"	"outgroup"	"negative"	0.475366493959347
"3"	"negative"	"ingroup"	"negative"	0.270976893543415
"3"	"negative"	"outgroup"	"negative"	0.8284589327921
"3"	"negative"	"outgroup"	"negative"	0.973743709763998
"3"	"negative"	"outgroup"	"negative"	0.324226601124532
"3"	"positive"	"outgroup"	"positive"	0.379539412530019
"3"	"positive"	"outgroup"	"positive"	0.304813397217818
"3"	"positive"	"outgroup"	"positive"	0.535381697133308
"3"	"negative"	"outgroup"	"positive"	0.463435794148618
"3"	"positive"	"outgroup"	"positive"	0.362813184322344
"3"	"positive"	"ingroup"	"positive"	0.493944123338564
"3"	"positive"	"outgroup"	"negative"	0.609189068360346
"3"	"negative"	"outgroup"	"negative"	0.720086639047746
"3"	"negative"	"outgroup"	"negative"	0.244926631886726
"3"	"negative"	"ingroup"	"negative"	0.35126709494019
"3"	"positive"	"outgroup"	"negative"	0.345502910300164
"3"	"positive"	"outgroup"	"positive"	0.482677766491009
"3"	"positive"	"ingroup"	"negative"	0.995746414352304
"3"	"negative"	"outgroup"	"positive"	0.340684336729489
"3"	"negative"	"outgroup"	"positive"	0.355878508722129
"3"	"positive"	"outgroup"	"positive"	0.28574859888751
"3"	"negative"	"ingroup"	"negative"	0.416118903284591
"3"	"positive"	"outgroup"	"positive"	0.94012964268242
"3"	"positive"	"outgroup"	"positive"	0.445217566042923
"3"	"negative"	"ingroup"	"negative"	0.391818707204073
"3"	"negative"	"ingroup"	"negative"	0.270928747931068
"3"	"negative"	"ingroup"	"negative"	0.452023074317128
"3"	"negative"	"outgroup"	"positive"	0.398727953518446
"3"	"positive"	"outgroup"	"positive"	0.28168927419874
"3"	"negative"	"ingroup"	"positive"	0.326367635761844
"3"	"positive"	"outgroup"	"positive"	0.385585258828699
"3"	"positive"	"ingroup"	"negative"	1.07903503276759
"3"	"positive"	"ingroup"	"positive"	0.358030111525585
"3"	"positive"	"outgroup"	"negative"	0.482237094066174
"3"	"negative"	"outgroup"	"negative"	0.6249217365936
"3"	"negative"	"outgroup"	"negative"	0.622001979117334
"3"	"negative"	"ingroup"	"negative"	0.404270313969262
"3"	"negative"	"ingroup"	"positive"	0.31154177653282
"3"	"negative"	"ingroup"	"negative"	0.470051454489398
"3"	"positive"	"ingroup"	"negative"	0.355723712885093
"3"	"negative"	"ingroup"	"positive"	0.561827136159625
"3"	"negative"	"ingroup"	"positive"	0.536541457644389
"3"	"positive"	"ingroup"	"positive"	0.417248738883263
"3"	"positive"	"ingroup"	"positive"	0.666144082990342
"3"	"negative"	"outgroup"	"negative"	0.392611284022036
"3"	"positive"	"ingroup"	"positive"	0.260983644659823
"3"	"positive"	"ingroup"	"negative"	0.304430677937032
"3"	"positive"	"ingroup"	"negative"	0.894276421126797
"3"	"negative"	"outgroup"	"negative"	0.310420380215488
"3"	"positive"	"ingroup"	"positive"	0.487784377556293
"3"	"positive"	"ingroup"	"positive"	0.31720838915506
"3"	"positive"	"ingroup"	"positive"	0.390804348855805
"3"	"positive"	"ingroup"	"positive"	0.287335078478542
"3"	"positive"	"ingroup"	"positive"	0.493008664671283
"3"	"positive"	"ingroup"	"positive"	0.837520150597787
"3"	"positive"	"outgroup"	"positive"	0.32666288620017
"3"	"positive"	"outgroup"	"positive"	0.329446113648616
"3"	"negative"	"ingroup"	"negative"	0.643512738141233
"3"	"negative"	"outgroup"	"positive"	0.376921975589178
"3"	"positive"	"outgroup"	"positive"	0.354738159002454
"3"	"positive"	"outgroup"	"positive"	0.717017083229913
"3"	"negative"	"outgroup"	"positive"	0.561582480408314
"3"	"negative"	"outgroup"	"negative"	0.719470944970033
"3"	"negative"	"outgroup"	"negative"	0.61514351049719
"3"	"negative"	"outgroup"	"negative"	0.256558598329884
"3"	"positive"	"outgroup"	"positive"	0.405125895131958
"3"	"negative"	"outgroup"	"negative"	0.358474669662419
"3"	"negative"	"ingroup"	"negative"	0.616197436271879
"3"	"negative"	"ingroup"	"negative"	0.334612461277306
"3"	"negative"	"ingroup"	"positive"	0.311062020676663
"3"	"negative"	"outgroup"	"negative"	0.317655203349453
"3"	"positive"	"ingroup"	"positive"	0.267136762737996
"3"	"positive"	"outgroup"	"positive"	0.450542283500029
"3"	"negative"	"outgroup"	"positive"	1.19387392126497
"3"	"positive"	"outgroup"	"positive"	0.427906331155179
"3"	"positive"	"outgroup"	"negative"	0.251853800402775
"3"	"negative"	"ingroup"	"negative"	0.381204910058548
"3"	"negative"	"outgroup"	"negative"	0.369830741140066
"3"	"positive"	"outgroup"	"positive"	0.505842444884585
"3"	"positive"	"outgroup"	"positive"	0.658787621145613
"3"	"positive"	"outgroup"	"negative"	0.501505083375568
"3"	"negative"	"ingroup"	"negative"	0.621577716461196
"3"	"positive"	"ingroup"	"positive"	0.338300699015784
"3"	"negative"	"outgroup"	"negative"	0.352853619372326
"3"	"negative"	"outgroup"	"positive"	0.466111985306374
"3"	"negative"	"ingroup"	"negative"	0.387735766519527
"3"	"positive"	"ingroup"	"positive"	0.58264944801685
"3"	"positive"	"outgroup"	"positive"	0.289187209794827
"3"	"negative"	"ingroup"	"negative"	0.546839110847105
"3"	"negative"	"ingroup"	"negative"	0.471813557176864
"3"	"positive"	"outgroup"	"positive"	0.942345202742808
"3"	"positive"	"outgroup"	"negative"	0.313006394410193
"3"	"negative"	"ingroup"	"negative"	0.425575220844678
"3"	"negative"	"ingroup"	"positive"	0.505536022059145
"3"	"negative"	"outgroup"	"negative"	0.409428503551201
"3"	"positive"	"outgroup"	"positive"	0.656962418519542
"3"	"positive"	"outgroup"	"positive"	0.50468725398458
"3"	"negative"	"outgroup"	"negative"	0.722347537189502
"3"	"negative"	"ingroup"	"positive"	0.954318536038857
"3"	"positive"	"outgroup"	"negative"	0.276768627824354
"3"	"negative"	"outgroup"	"negative"	0.281124746798675
"3"	"positive"	"ingroup"	"positive"	0.453011549985292
"3"	"negative"	"ingroup"	"negative"	0.497179649405133
"3"	"positive"	"ingroup"	"negative"	0.526135475559601
"3"	"positive"	"outgroup"	"positive"	0.360339060967069
"3"	"negative"	"outgroup"	"negative"	0.382319739467925
"3"	"negative"	"ingroup"	"negative"	0.319707190695705
"3"	"positive"	"ingroup"	"positive"	0.660112703458603
"3"	"negative"	"ingroup"	"positive"	0.298742999895934
"3"	"positive"	"ingroup"	"positive"	0.475393136768274
"3"	"negative"	"ingroup"	"negative"	0.762842002468832
"3"	"positive"	"ingroup"	"positive"	0.697038219677768
"3"	"positive"	"ingroup"	"negative"	0.553508458505598
"3"	"negative"	"outgroup"	"negative"	0.435790932102206
"3"	"negative"	"outgroup"	"positive"	0.35167334291234
"3"	"negative"	"outgroup"	"negative"	0.440715063201783
"3"	"negative"	"ingroup"	"negative"	0.364120733811174
"3"	"negative"	"ingroup"	"negative"	0.396979715483006
"3"	"negative"	"ingroup"	"positive"	0.308561488365146
"3"	"positive"	"ingroup"	"positive"	0.280796639453575
"3"	"negative"	"outgroup"	"negative"	0.313192523377624
"3"	"negative"	"outgroup"	"positive"	0.324261358090518
"3"	"negative"	"outgroup"	"negative"	0.652965505365013
"3"	"positive"	"ingroup"	"positive"	0.393198770482925
"3"	"positive"	"outgroup"	"positive"	0.426104170904928
"3"	"negative"	"ingroup"	"negative"	0.548278710748828
"3"	"negative"	"outgroup"	"positive"	0.3143028963863
"3"	"negative"	"ingroup"	"negative"	0.445812210184364
"3"	"negative"	"outgroup"	"negative"	0.410746363125153
"3"	"positive"	"ingroup"	"positive"	0.554959407601549
"3"	"positive"	"outgroup"	"negative"	0.667689887603859
"3"	"negative"	"ingroup"	"positive"	0.693795673243072
"3"	"negative"	"outgroup"	"positive"	0.453158068363829
"3"	"negative"	"ingroup"	"negative"	0.303911354297484
"3"	"positive"	"outgroup"	"positive"	0.980234047327889
"3"	"positive"	"ingroup"	"positive"	0.35088829696203
"3"	"positive"	"outgroup"	"positive"	0.523616513370636
"3"	"positive"	"ingroup"	"positive"	0.286577327774067
"3"	"negative"	"outgroup"	"negative"	0.480119196475471
"3"	"positive"	"outgroup"	"positive"	0.704059599986662
"3"	"negative"	"outgroup"	"negative"	0.644120782785898
"3"	"negative"	"ingroup"	"positive"	0.365843367854779
"3"	"positive"	"ingroup"	"negative"	0.261650478175676
"3"	"negative"	"ingroup"	"negative"	0.441409240683339
"3"	"positive"	"outgroup"	"positive"	0.463432324854242
"3"	"negative"	"ingroup"	"negative"	0.403080502353499
"3"	"positive"	"ingroup"	"negative"	0.726197032776001
"3"	"positive"	"outgroup"	"positive"	0.431197131956794
"3"	"negative"	"ingroup"	"negative"	0.340075676753841
"3"	"positive"	"ingroup"	"positive"	0.420311379708712
"3"	"negative"	"ingroup"	"negative"	0.296255838788943
"3"	"negative"	"outgroup"	"negative"	0.321633625531581
"3"	"positive"	"outgroup"	"negative"	0.300789907362149
"3"	"negative"	"ingroup"	"negative"	1.0738703430202
"3"	"positive"	"ingroup"	"positive"	0.276978106139407
"3"	"negative"	"ingroup"	"negative"	0.262241940921289
"3"	"negative"	"ingroup"	"negative"	0.353474055676545
"3"	"positive"	"ingroup"	"negative"	0.399298346284946
"3"	"negative"	"ingroup"	"negative"	0.93395635771899
"3"	"negative"	"outgroup"	"negative"	0.486419761527399
"3"	"negative"	"outgroup"	"negative"	0.397787223124243
"3"	"positive"	"ingroup"	"negative"	0.536805634713914
"3"	"positive"	"ingroup"	"positive"	0.761599219477372
"3"	"negative"	"outgroup"	"negative"	0.280983973302983
"3"	"positive"	"outgroup"	"positive"	0.43766420828211
"3"	"negative"	"ingroup"	"positive"	0.276160388467864
"3"	"negative"	"outgroup"	"negative"	0.315467703568258
"3"	"positive"	"outgroup"	"positive"	0.456465958574911
"3"	"negative"	"ingroup"	"positive"	0.328214298687447
"3"	"positive"	"ingroup"	"positive"	0.45380387205358
"3"	"positive"	"ingroup"	"positive"	0.385487659711771
"3"	"positive"	"outgroup"	"positive"	0.364986535456493
"3"	"negative"	"ingroup"	"negative"	0.618243125627681
"3"	"positive"	"ingroup"	"positive"	0.578753625309623
"3"	"positive"	"ingroup"	"positive"	0.421224096492205
"3"	"negative"	"ingroup"	"negative"	0.609135344851867
"3"	"negative"	"ingroup"	"negative"	0.53579580887964
"3"	"positive"	"ingroup"	"positive"	0.443697743292718
"3"	"positive"	"outgroup"	"negative"	0.350281249596803
"4"	"negative"	"ingroup"	"positive"	0.369484150298287
"4"	"positive"	"outgroup"	"negative"	0.347966952311244
"4"	"positive"	"outgroup"	"negative"	0.73310063724262
"4"	"negative"	"ingroup"	"negative"	0.418476045519414
"4"	"positive"	"outgroup"	"negative"	0.307073280501047
"4"	"positive"	"ingroup"	"positive"	0.308667533618396
"4"	"negative"	"outgroup"	"negative"	0.355180615050912
"4"	"negative"	"outgroup"	"negative"	0.520759783124188
"4"	"positive"	"outgroup"	"positive"	0.452037979734138
"4"	"positive"	"ingroup"	"positive"	0.300111586558227
"4"	"positive"	"outgroup"	"positive"	0.359771880786072
"4"	"positive"	"outgroup"	"positive"	0.49088224007813
"4"	"negative"	"ingroup"	"negative"	0.349589768993374
"4"	"positive"	"ingroup"	"negative"	0.394160799613591
"4"	"negative"	"outgroup"	"negative"	0.42064691591621
"4"	"positive"	"ingroup"	"positive"	0.421454481853628
"4"	"negative"	"ingroup"	"negative"	1.01572913728209
"4"	"negative"	"ingroup"	"negative"	1.06790854479134
"4"	"positive"	"outgroup"	"positive"	0.582985156768378
"4"	"negative"	"ingroup"	"positive"	0.383414544335253
"4"	"negative"	"ingroup"	"negative"	0.568613011790608
"4"	"positive"	"outgroup"	"positive"	0.563872747781634
"4"	"positive"	"outgroup"	"negative"	0.341445902238309
"4"	"positive"	"outgroup"	"negative"	0.525613313456203
"4"	"positive"	"outgroup"	"positive"	0.517790676043657
"4"	"positive"	"ingroup"	"positive"	0.343002653455209
"4"	"positive"	"ingroup"	"positive"	0.37645406552506
"4"	"positive"	"ingroup"	"positive"	0.560369641800914
"4"	"negative"	"outgroup"	"negative"	0.348506941765582
"4"	"positive"	"outgroup"	"positive"	0.601343683058432
"4"	"positive"	"outgroup"	"positive"	0.446979940994801
"4"	"positive"	"outgroup"	"positive"	0.880961797975616
"4"	"negative"	"outgroup"	"negative"	0.289112039082263
"4"	"positive"	"ingroup"	"positive"	0.396234406242892
"4"	"positive"	"ingroup"	"positive"	0.97249045165123
"4"	"negative"	"ingroup"	"negative"	0.512079454158081
"4"	"negative"	"ingroup"	"positive"	0.330258317282677
"4"	"negative"	"ingroup"	"negative"	0.577136732409767
"4"	"positive"	"ingroup"	"positive"	0.431812093990281
"4"	"positive"	"ingroup"	"positive"	0.296004296415858
"4"	"positive"	"outgroup"	"negative"	0.329724042045118
"4"	"positive"	"ingroup"	"negative"	0.703418978127769
"4"	"positive"	"ingroup"	"positive"	0.648245587737422
"4"	"positive"	"outgroup"	"negative"	0.489382233013078
"4"	"negative"	"outgroup"	"negative"	0.407061949766238
"4"	"positive"	"outgroup"	"negative"	0.510216550817689
"4"	"positive"	"outgroup"	"positive"	0.756410186801906
"4"	"positive"	"ingroup"	"positive"	0.518676340883523
"4"	"positive"	"ingroup"	"positive"	0.541947780841589
"4"	"positive"	"outgroup"	"negative"	0.36296408887274
"4"	"positive"	"outgroup"	"positive"	0.479944519072052
"4"	"positive"	"ingroup"	"positive"	0.898018470053263
"4"	"positive"	"ingroup"	"negative"	0.570023376539744
"4"	"positive"	"ingroup"	"positive"	0.42576851414046
"4"	"negative"	"ingroup"	"negative"	0.382793549458838
"4"	"negative"	"ingroup"	"negative"	0.581138538367193
"4"	"negative"	"ingroup"	"negative"	0.750979905095759
"4"	"positive"	"ingroup"	"positive"	0.453761157218866
"4"	"positive"	"outgroup"	"negative"	0.320251068417175
"4"	"negative"	"outgroup"	"negative"	0.287302116651045
"4"	"negative"	"outgroup"	"negative"	0.290503996797137
"4"	"negative"	"ingroup"	"positive"	0.525037189593798
"4"	"positive"	"outgroup"	"positive"	0.429424930480379
"4"	"negative"	"outgroup"	"negative"	0.368426967075821
"4"	"negative"	"ingroup"	"positive"	0.400746916053662
"4"	"positive"	"outgroup"	"negative"	0.337427364098004
"4"	"negative"	"outgroup"	"negative"	0.430941631376673
"4"	"negative"	"outgroup"	"positive"	0.337754566224128
"4"	"negative"	"outgroup"	"negative"	0.308401853387807
"4"	"positive"	"outgroup"	"negative"	0.385801927666767
"4"	"negative"	"outgroup"	"negative"	1.19325759280742
"4"	"positive"	"outgroup"	"negative"	0.371248499012953
"4"	"positive"	"ingroup"	"positive"	0.327948229641187
"4"	"negative"	"ingroup"	"positive"	0.363954471094883
"4"	"negative"	"ingroup"	"negative"	0.573334394427246
"4"	"negative"	"ingroup"	"positive"	0.468011222214128
"4"	"positive"	"outgroup"	"negative"	0.34392043001642
"4"	"negative"	"ingroup"	"positive"	0.333183325887699
"4"	"positive"	"outgroup"	"positive"	0.419062121130472
"4"	"negative"	"ingroup"	"negative"	0.404550393051512
"4"	"positive"	"outgroup"	"positive"	0.410812504955291
"4"	"negative"	"ingroup"	"positive"	0.645552273525709
"4"	"negative"	"outgroup"	"negative"	0.738152653651566
"4"	"positive"	"ingroup"	"positive"	0.434169487487516
"4"	"negative"	"outgroup"	"negative"	0.578720275350338
"4"	"positive"	"outgroup"	"negative"	0.342657819710989
"4"	"positive"	"ingroup"	"positive"	0.648646412854264
"4"	"positive"	"outgroup"	"negative"	0.403712543322329
"4"	"negative"	"outgroup"	"negative"	0.3375765332954
"4"	"negative"	"ingroup"	"negative"	0.472751822201063
"4"	"positive"	"ingroup"	"positive"	0.74909321167507
"4"	"positive"	"outgroup"	"negative"	0.892779535306051
"4"	"positive"	"ingroup"	"positive"	0.394324545942925
"4"	"positive"	"ingroup"	"positive"	0.470273168037961
"4"	"negative"	"outgroup"	"negative"	0.849180429773664
"4"	"negative"	"outgroup"	"negative"	0.432480912125861
"4"	"positive"	"ingroup"	"positive"	0.341069872327921
"4"	"negative"	"outgroup"	"negative"	0.371260123104746
"4"	"negative"	"outgroup"	"positive"	0.437545539140725
"4"	"positive"	"ingroup"	"positive"	0.353791950460345
"4"	"negative"	"ingroup"	"negative"	0.668443480447078
"4"	"negative"	"ingroup"	"positive"	0.890079683262128
"4"	"positive"	"outgroup"	"negative"	0.297979099900577
"4"	"negative"	"outgroup"	"negative"	0.451528036523813
"4"	"positive"	"outgroup"	"positive"	0.466282283180637
"4"	"positive"	"ingroup"	"positive"	0.72041095195139
"4"	"negative"	"ingroup"	"negative"	0.536491011861357
"4"	"positive"	"outgroup"	"positive"	0.479797312286075
"4"	"negative"	"outgroup"	"negative"	0.288262903078753
"4"	"negative"	"outgroup"	"positive"	0.360460856698209
"4"	"negative"	"ingroup"	"negative"	0.299958330896724
"4"	"negative"	"ingroup"	"positive"	0.325766886449189
"4"	"positive"	"ingroup"	"positive"	0.346619699153979
"4"	"negative"	"ingroup"	"negative"	0.553630069654154
"4"	"negative"	"outgroup"	"negative"	0.76283704409585
"4"	"negative"	"ingroup"	"negative"	0.403778735135164
"4"	"positive"	"ingroup"	"positive"	0.408195405771309
"4"	"negative"	"outgroup"	"negative"	0.454584912192575
"4"	"positive"	"ingroup"	"positive"	0.540069882555974
"4"	"negative"	"ingroup"	"negative"	0.653290462277313
"4"	"negative"	"ingroup"	"negative"	0.628062887408839
"4"	"positive"	"ingroup"	"negative"	0.410979327571048
"4"	"negative"	"outgroup"	"negative"	0.28672109095031
"4"	"negative"	"outgroup"	"negative"	0.36440117694007
"4"	"negative"	"ingroup"	"positive"	0.465424934891337
"4"	"positive"	"outgroup"	"positive"	0.399462802256443
"4"	"negative"	"outgroup"	"negative"	0.656024338299658
"4"	"negative"	"ingroup"	"negative"	0.35783495768005
"4"	"negative"	"ingroup"	"negative"	0.521696078441773
"4"	"positive"	"outgroup"	"negative"	0.33281811124556
"4"	"negative"	"outgroup"	"negative"	0.582663574252928
"4"	"positive"	"ingroup"	"positive"	0.384415410069006
"4"	"negative"	"ingroup"	"positive"	0.376138215673992
"4"	"positive"	"ingroup"	"positive"	0.486781402552844
"4"	"negative"	"outgroup"	"positive"	0.924905242400675
"4"	"positive"	"ingroup"	"positive"	0.450917625309733
"4"	"negative"	"outgroup"	"negative"	0.386402268738495
"4"	"negative"	"outgroup"	"negative"	0.369929968905313
"4"	"negative"	"outgroup"	"negative"	0.539717400363295
"4"	"negative"	"ingroup"	"negative"	0.60775086402797
"4"	"negative"	"outgroup"	"negative"	0.439612964060503
"4"	"negative"	"outgroup"	"positive"	0.454892036347608
"4"	"negative"	"ingroup"	"negative"	0.718398597912948
"4"	"positive"	"outgroup"	"negative"	0.302582183602432
"4"	"positive"	"outgroup"	"positive"	0.814033534089361
"4"	"negative"	"outgroup"	"negative"	0.318509818457671
"4"	"positive"	"ingroup"	"positive"	0.730892072098107
"4"	"negative"	"outgroup"	"negative"	0.290996878573664
"4"	"negative"	"outgroup"	"negative"	0.569490484094384
"4"	"negative"	"ingroup"	"negative"	0.619084760786184
"4"	"negative"	"ingroup"	"positive"	0.34316999020993
"4"	"positive"	"ingroup"	"positive"	0.336063306728934
"4"	"negative"	"outgroup"	"positive"	0.760589306883779
"4"	"positive"	"ingroup"	"positive"	0.381814961736658
"4"	"negative"	"ingroup"	"positive"	0.342726677731563
"4"	"positive"	"outgroup"	"negative"	0.480397196017459
"4"	"positive"	"outgroup"	"positive"	0.519118982339187
"4"	"positive"	"ingroup"	"positive"	0.335221357212493
"4"	"positive"	"outgroup"	"positive"	0.432510642941732
"4"	"positive"	"outgroup"	"negative"	0.37400051096556
"4"	"negative"	"outgroup"	"negative"	0.345960751376179
"4"	"positive"	"ingroup"	"positive"	0.395591117955562
"4"	"positive"	"ingroup"	"positive"	0.734359546875462
"4"	"positive"	"outgroup"	"negative"	0.350295337032187
"4"	"negative"	"ingroup"	"negative"	0.637333811714021
"4"	"positive"	"ingroup"	"positive"	0.383880047322949
"4"	"negative"	"outgroup"	"negative"	0.388286799424117
"4"	"negative"	"outgroup"	"negative"	0.408325408135884
"4"	"positive"	"outgroup"	"positive"	0.490400198997697
"4"	"positive"	"outgroup"	"positive"	0.561235313631813
"4"	"negative"	"outgroup"	"negative"	0.31537998241511
"4"	"positive"	"ingroup"	"negative"	0.463710283592836
"4"	"positive"	"outgroup"	"positive"	0.549009506908726
"4"	"positive"	"ingroup"	"negative"	0.542801327781931
"4"	"positive"	"outgroup"	"negative"	0.310817633864873
"4"	"negative"	"outgroup"	"negative"	0.376191407543398
"4"	"negative"	"ingroup"	"positive"	0.811217236130832
"4"	"positive"	"ingroup"	"positive"	0.442213535716168
"4"	"positive"	"ingroup"	"positive"	0.406427353632498
"4"	"negative"	"ingroup"	"positive"	0.446786138647598
"4"	"negative"	"outgroup"	"negative"	0.302643453602227
"4"	"positive"	"ingroup"	"positive"	0.334392925866582
"4"	"negative"	"outgroup"	"negative"	0.298148130337527
"4"	"negative"	"ingroup"	"negative"	0.517732130069586
"4"	"positive"	"ingroup"	"positive"	0.506020633286734
"4"	"negative"	"outgroup"	"negative"	0.315375866880887
"4"	"negative"	"outgroup"	"negative"	0.33571075984635
"4"	"positive"	"outgroup"	"negative"	0.901377119730115
"4"	"positive"	"outgroup"	"positive"	0.368938152398208
"4"	"positive"	"ingroup"	"positive"	0.347320188264067
"4"	"positive"	"outgroup"	"negative"	0.388460999539095
"4"	"negative"	"ingroup"	"negative"	0.660993760616075
"4"	"negative"	"ingroup"	"negative"	0.390464441323863
"4"	"positive"	"ingroup"	"positive"	0.308347399305581
"4"	"positive"	"outgroup"	"positive"	0.487475102570966
"4"	"positive"	"outgroup"	"negative"	0.363256287031881
"4"	"positive"	"ingroup"	"positive"	0.342327892710899
"4"	"positive"	"outgroup"	"positive"	0.437043148921048
"4"	"negative"	"outgroup"	"positive"	1.05235552018042
"4"	"negative"	"outgroup"	"positive"	0.805305451776865
"4"	"positive"	"outgroup"	"negative"	0.319976876254926
"4"	"negative"	"ingroup"	"positive"	0.792880567942298
"4"	"negative"	"outgroup"	"positive"	0.391859867113063
"4"	"positive"	"outgroup"	"positive"	0.451798459234668
"4"	"negative"	"ingroup"	"negative"	0.654787033389781
"4"	"negative"	"ingroup"	"negative"	0.484240882734036
"4"	"positive"	"outgroup"	"negative"	0.494798114796992
"4"	"positive"	"outgroup"	"negative"	0.350249040927286
"4"	"positive"	"ingroup"	"negative"	0.380424598354846
"4"	"negative"	"ingroup"	"positive"	0.299858248983983
"4"	"negative"	"outgroup"	"negative"	0.509136821812481
"4"	"positive"	"outgroup"	"negative"	0.95428543940682
"4"	"positive"	"outgroup"	"negative"	0.43298738004596
"4"	"positive"	"outgroup"	"negative"	0.469700890653212
"4"	"positive"	"ingroup"	"positive"	0.308840449865686
"4"	"negative"	"outgroup"	"negative"	0.347896765162708
"4"	"positive"	"ingroup"	"positive"	0.42307401126621
"4"	"positive"	"outgroup"	"positive"	0.70710593230025
"4"	"positive"	"ingroup"	"negative"	0.599138647921137
"4"	"positive"	"outgroup"	"positive"	0.470339523805248
"4"	"positive"	"ingroup"	"positive"	0.449600660476481
"4"	"negative"	"ingroup"	"positive"	0.374750832123548
"4"	"negative"	"outgroup"	"positive"	0.350503737163529
"4"	"positive"	"outgroup"	"negative"	0.328716196143872
"4"	"negative"	"ingroup"	"negative"	1.0938231020438
"4"	"positive"	"ingroup"	"negative"	0.689966586164914
"4"	"negative"	"ingroup"	"negative"	0.592444737214396
"4"	"negative"	"ingroup"	"positive"	0.408554723208494
"4"	"negative"	"ingroup"	"negative"	0.405309396945682
"4"	"positive"	"outgroup"	"positive"	0.476768617345914
"4"	"positive"	"outgroup"	"positive"	0.474251441116955
"4"	"negative"	"outgroup"	"negative"	0.467808559758713
"4"	"negative"	"ingroup"	"negative"	0.534475651296476
"4"	"positive"	"outgroup"	"positive"	0.399060501821796
"4"	"negative"	"ingroup"	"negative"	0.618109896502053
"4"	"negative"	"ingroup"	"positive"	0.841771442629409
"4"	"positive"	"ingroup"	"negative"	0.641174397502119
"4"	"negative"	"ingroup"	"negative"	0.438180328151479
"4"	"negative"	"ingroup"	"positive"	0.53585247564287
"4"	"negative"	"ingroup"	"negative"	0.436228952488684
"4"	"negative"	"ingroup"	"negative"	0.473227928506875
"4"	"negative"	"outgroup"	"negative"	0.448815210529989
"4"	"negative"	"outgroup"	"negative"	1.00910548098583
"4"	"negative"	"outgroup"	"negative"	0.376201356793021
"4"	"negative"	"ingroup"	"negative"	0.638195265394099
"4"	"positive"	"ingroup"	"positive"	0.326590891518493
"4"	"positive"	"ingroup"	"positive"	0.305298010955711
"4"	"negative"	"outgroup"	"negative"	0.578703297606611
"4"	"negative"	"ingroup"	"positive"	0.434672240937377
"4"	"positive"	"ingroup"	"negative"	0.737040193355234
"4"	"negative"	"outgroup"	"positive"	0.478772317848828
"4"	"positive"	"ingroup"	"positive"	0.352552630588148
"4"	"positive"	"outgroup"	"negative"	0.362770234140075
"4"	"negative"	"ingroup"	"negative"	0.482002528470375
"4"	"negative"	"outgroup"	"negative"	0.313411794914067
"4"	"positive"	"ingroup"	"positive"	0.72859205507373
"4"	"negative"	"ingroup"	"positive"	0.30292725199964
"4"	"negative"	"ingroup"	"positive"	0.343039751217525
"4"	"positive"	"ingroup"	"positive"	0.674792727014852
"4"	"negative"	"outgroup"	"negative"	0.765927679410334
"4"	"positive"	"outgroup"	"positive"	0.442158970257569
"4"	"negative"	"outgroup"	"negative"	0.298140706331729
"4"	"positive"	"outgroup"	"negative"	0.302494863214353
"4"	"negative"	"outgroup"	"negative"	0.927305917357374
"4"	"negative"	"ingroup"	"positive"	0.307079419857938
"4"	"positive"	"ingroup"	"positive"	0.52801248903258
"4"	"negative"	"outgroup"	"positive"	0.573183661975437
"4"	"positive"	"outgroup"	"positive"	0.530002654791145
"4"	"negative"	"ingroup"	"negative"	0.630929035658741
"4"	"positive"	"outgroup"	"negative"	0.555693283577319
"4"	"negative"	"outgroup"	"negative"	1.11800302371731
"4"	"positive"	"outgroup"	"positive"	0.458015672939249
"4"	"negative"	"outgroup"	"negative"	0.410646138746679
"4"	"positive"	"ingroup"	"positive"	0.333393266011437
"4"	"positive"	"outgroup"	"positive"	0.517457772560501
"4"	"negative"	"outgroup"	"negative"	0.609825312338583
"4"	"negative"	"outgroup"	"negative"	0.522490255353948
"4"	"negative"	"outgroup"	"negative"	0.30744129078651
"4"	"negative"	"ingroup"	"negative"	0.508997371318495
"4"	"positive"	"outgroup"	"positive"	0.497320651972238
"4"	"negative"	"ingroup"	"negative"	0.536113657300455
"4"	"negative"	"outgroup"	"negative"	0.345871372113888
"4"	"negative"	"ingroup"	"negative"	0.471987040355446
"4"	"positive"	"outgroup"	"positive"	0.675890885424458
"4"	"positive"	"outgroup"	"negative"	0.370267274050882
"4"	"positive"	"ingroup"	"negative"	0.365749623230841
"4"	"positive"	"ingroup"	"positive"	0.458986443226978
"4"	"positive"	"outgroup"	"positive"	0.32877130938884
"4"	"negative"	"outgroup"	"positive"	0.856286628328155
"4"	"negative"	"ingroup"	"positive"	0.433355452553903
"4"	"positive"	"outgroup"	"negative"	0.35081264435204
"4"	"positive"	"outgroup"	"positive"	0.471484750082223
"4"	"negative"	"ingroup"	"positive"	0.34777194998657
"4"	"positive"	"ingroup"	"positive"	0.623208198979153
"4"	"positive"	"ingroup"	"positive"	0.832440678262571
"4"	"positive"	"ingroup"	"positive"	0.50026697161007
"4"	"negative"	"ingroup"	"positive"	0.477073217022778
"4"	"positive"	"outgroup"	"positive"	0.428478596022858
"4"	"positive"	"outgroup"	"negative"	0.589406771359034
"4"	"negative"	"ingroup"	"positive"	0.499536707883874
"4"	"positive"	"outgroup"	"positive"	0.509705385602069
"4"	"positive"	"ingroup"	"positive"	0.785098930450816
"4"	"negative"	"outgroup"	"negative"	0.381257930296775
"4"	"positive"	"outgroup"	"positive"	0.959241979788646
"4"	"negative"	"outgroup"	"negative"	0.309422210197403
"4"	"positive"	"ingroup"	"positive"	0.356956785469162
"4"	"positive"	"outgroup"	"negative"	0.562164620945053
"4"	"negative"	"ingroup"	"negative"	0.663512075879957
"4"	"positive"	"ingroup"	"positive"	0.330653246401047
"4"	"positive"	"ingroup"	"positive"	1.11243565548986
"4"	"negative"	"outgroup"	"negative"	0.313247024474993
"4"	"negative"	"ingroup"	"negative"	0.451013185877582
"4"	"positive"	"outgroup"	"negative"	0.338964817976378
"4"	"positive"	"ingroup"	"positive"	0.541064857942201
"4"	"negative"	"ingroup"	"positive"	0.304749424186392
"4"	"positive"	"outgroup"	"positive"	0.33539448901178
"4"	"negative"	"outgroup"	"negative"	0.322529540017656
"4"	"negative"	"ingroup"	"negative"	0.439578566862009
"4"	"negative"	"outgroup"	"negative"	1.11203559285296
"4"	"negative"	"outgroup"	"negative"	0.431012315733816
"4"	"positive"	"ingroup"	"positive"	0.311549364129072
"4"	"positive"	"outgroup"	"negative"	0.301359143342261
"4"	"negative"	"outgroup"	"negative"	0.429707583555066
"4"	"negative"	"ingroup"	"positive"	0.519561384644729
"4"	"positive"	"outgroup"	"positive"	0.516513863550928
"4"	"positive"	"ingroup"	"positive"	0.374682911039536
"4"	"negative"	"ingroup"	"positive"	0.305350550100646
"4"	"negative"	"ingroup"	"negative"	0.766161058838887
"4"	"positive"	"ingroup"	"positive"	0.321210928046695
"4"	"positive"	"outgroup"	"negative"	0.31425465592545
"4"	"positive"	"ingroup"	"positive"	0.48204622627211
"4"	"positive"	"outgroup"	"positive"	0.708272728611827
"4"	"negative"	"outgroup"	"negative"	0.44415863961453
"4"	"negative"	"ingroup"	"positive"	0.305868814218469
"4"	"positive"	"outgroup"	"negative"	0.404018321180049
"4"	"positive"	"outgroup"	"positive"	0.689577572420616
"4"	"positive"	"ingroup"	"positive"	0.294276045256491
"4"	"positive"	"outgroup"	"positive"	0.621579738663464
"4"	"negative"	"outgroup"	"positive"	0.502100576951912
"4"	"negative"	"outgroup"	"positive"	0.633662145297328
"4"	"positive"	"outgroup"	"positive"	1.11944895024318
"4"	"negative"	"outgroup"	"negative"	0.350872698752731
"4"	"negative"	"outgroup"	"positive"	0.990998319703088
"4"	"negative"	"ingroup"	"negative"	0.502307902134107
"4"	"negative"	"outgroup"	"negative"	0.803249633944688
"4"	"positive"	"outgroup"	"negative"	0.327981424210087
"4"	"positive"	"ingroup"	"positive"	0.481542855290608
"4"	"positive"	"outgroup"	"negative"	0.394879950804283
"4"	"negative"	"ingroup"	"negative"	0.416623200681933
"4"	"negative"	"outgroup"	"negative"	0.378936318451193
"4"	"negative"	"outgroup"	"negative"	0.301235522146964
"4"	"positive"	"ingroup"	"positive"	0.605083336117598
"4"	"positive"	"outgroup"	"negative"	0.309723801705418
"4"	"negative"	"outgroup"	"positive"	0.456339503226737
"4"	"negative"	"outgroup"	"negative"	0.736061290150733
"4"	"negative"	"outgroup"	"positive"	0.371391248056892
"4"	"negative"	"outgroup"	"negative"	0.380119719853988
"4"	"positive"	"ingroup"	"negative"	0.527666192965176
"4"	"positive"	"ingroup"	"positive"	0.543063279641495
"4"	"positive"	"ingroup"	"positive"	0.315936670072075
"4"	"negative"	"outgroup"	"negative"	0.527868734139941
"4"	"negative"	"outgroup"	"positive"	0.397006617981601
"4"	"positive"	"ingroup"	"negative"	0.420011635872517
"4"	"negative"	"ingroup"	"negative"	0.375353941895176
"4"	"negative"	"outgroup"	"negative"	0.280686226449045
"4"	"positive"	"ingroup"	"positive"	0.413441939159162
"4"	"negative"	"outgroup"	"negative"	0.405980366747629
"4"	"positive"	"ingroup"	"positive"	0.3129789842259
"4"	"negative"	"outgroup"	"positive"	0.578641953190559
"4"	"positive"	"ingroup"	"positive"	0.328008376251645
"4"	"positive"	"outgroup"	"positive"	0.629913059740104
"4"	"negative"	"outgroup"	"negative"	0.740272017825986
"4"	"negative"	"ingroup"	"negative"	0.539527119109407
"4"	"positive"	"ingroup"	"positive"	0.303337445793661
"4"	"positive"	"ingroup"	"negative"	0.356832783237921
"4"	"negative"	"ingroup"	"negative"	0.784390894857084
"4"	"positive"	"ingroup"	"positive"	0.3524545208051
"4"	"positive"	"ingroup"	"positive"	0.42810238205218
"4"	"negative"	"ingroup"	"positive"	0.313511285377252
"4"	"positive"	"ingroup"	"positive"	0.35937106614739
"4"	"negative"	"ingroup"	"negative"	0.545869997699594
"4"	"negative"	"ingroup"	"negative"	0.484352699204473
"4"	"negative"	"ingroup"	"positive"	0.30878219733545
"4"	"positive"	"ingroup"	"positive"	0.407041248582649
"4"	"negative"	"ingroup"	"positive"	0.502662910611337
"4"	"positive"	"ingroup"	"positive"	0.315225533177258
"4"	"positive"	"outgroup"	"negative"	0.338976824750164
"4"	"negative"	"outgroup"	"negative"	0.819012540862844
"4"	"positive"	"ingroup"	"positive"	0.354772584556915
"4"	"negative"	"ingroup"	"negative"	0.391681132456285
"4"	"negative"	"ingroup"	"positive"	0.471380705267996
"4"	"negative"	"outgroup"	"positive"	0.409894647372263
"4"	"negative"	"ingroup"	"negative"	1.00783893140288
"4"	"positive"	"ingroup"	"positive"	0.829165950955024
"4"	"negative"	"outgroup"	"negative"	0.587251933179238
"4"	"positive"	"ingroup"	"positive"	0.394637850582758
"4"	"negative"	"ingroup"	"negative"	1.18248224591519
"4"	"negative"	"ingroup"	"positive"	0.327421700198092
"4"	"positive"	"outgroup"	"positive"	0.460947523341554
"4"	"positive"	"outgroup"	"positive"	0.480685309320265
"4"	"positive"	"outgroup"	"positive"	0.328847662976011
"4"	"negative"	"ingroup"	"negative"	0.544993669852982
"4"	"positive"	"ingroup"	"positive"	0.656551051942026
"4"	"negative"	"outgroup"	"negative"	0.567058191022641
"4"	"positive"	"ingroup"	"positive"	0.370805325455606
"4"	"positive"	"outgroup"	"positive"	0.358644358331891
"4"	"negative"	"ingroup"	"negative"	0.503517642128165
"4"	"positive"	"ingroup"	"positive"	0.335326246533121
"4"	"positive"	"ingroup"	"positive"	0.484293593884963
"4"	"negative"	"ingroup"	"positive"	0.301151786076916
"4"	"positive"	"outgroup"	"positive"	0.464618707983864
"4"	"negative"	"outgroup"	"negative"	0.664756753293722
"4"	"positive"	"outgroup"	"positive"	0.610030926404483
"4"	"negative"	"outgroup"	"positive"	0.726863805595481
"4"	"negative"	"outgroup"	"negative"	0.420463073619249
"4"	"negative"	"ingroup"	"negative"	0.406740774475962
"4"	"negative"	"outgroup"	"negative"	0.383175132514331
"4"	"positive"	"outgroup"	"positive"	0.412962579078342
"4"	"positive"	"ingroup"	"positive"	0.330208005041294
"4"	"negative"	"ingroup"	"negative"	0.570504735249958
"4"	"positive"	"outgroup"	"negative"	0.810710872885722
"4"	"negative"	"outgroup"	"negative"	0.528792643119744
"4"	"negative"	"ingroup"	"negative"	0.398437097406038
"4"	"negative"	"outgroup"	"negative"	0.514695241462213
"4"	"positive"	"outgroup"	"positive"	0.409365503170488
"4"	"positive"	"ingroup"	"positive"	0.326985604455901
"4"	"negative"	"outgroup"	"negative"	0.291068631402781
"4"	"negative"	"ingroup"	"negative"	1.09738140265152
"4"	"negative"	"ingroup"	"negative"	0.497490870986987
"4"	"negative"	"ingroup"	"negative"	0.352010792517054
"4"	"negative"	"outgroup"	"negative"	0.327391782867098
"4"	"positive"	"outgroup"	"negative"	0.992559391892935
"4"	"negative"	"outgroup"	"negative"	0.44401218899417
"4"	"negative"	"ingroup"	"negative"	0.348753509947217
"4"	"negative"	"outgroup"	"negative"	0.381617159208291
"4"	"negative"	"ingroup"	"negative"	0.438394922388065
"4"	"negative"	"ingroup"	"negative"	0.482112624785033
"4"	"positive"	"outgroup"	"positive"	1.04397330540926
"4"	"negative"	"outgroup"	"negative"	0.600162376749917
"4"	"negative"	"ingroup"	"negative"	0.450494798891257
"4"	"negative"	"outgroup"	"negative"	0.347497783969619
"4"	"positive"	"outgroup"	"positive"	0.568772120208155
"4"	"positive"	"ingroup"	"positive"	0.676571088595119
"4"	"positive"	"outgroup"	"negative"	0.441696031284833
"4"	"negative"	"outgroup"	"negative"	0.287806323705624
"4"	"positive"	"ingroup"	"positive"	0.331901057641848
"4"	"positive"	"outgroup"	"negative"	0.535369903928854
"4"	"positive"	"ingroup"	"positive"	0.36884599831374
"4"	"negative"	"ingroup"	"positive"	0.473489199416137
"4"	"positive"	"ingroup"	"positive"	0.535014254064058
"4"	"positive"	"ingroup"	"positive"	0.386670978542727
"4"	"positive"	"outgroup"	"positive"	0.350624492638599
"4"	"positive"	"ingroup"	"positive"	0.306334190835175
"4"	"negative"	"ingroup"	"positive"	0.377298033466182
"4"	"negative"	"outgroup"	"negative"	0.911105508544431
"4"	"negative"	"ingroup"	"negative"	0.40454550222514
"4"	"positive"	"outgroup"	"negative"	0.795027036341231
"4"	"positive"	"ingroup"	"positive"	0.370863291353614
"4"	"positive"	"ingroup"	"positive"	0.307964686612484
"4"	"positive"	"ingroup"	"positive"	0.70868700388317
"5"	"negative"	"ingroup"	"negative"	0.785920313126867
"5"	"positive"	"ingroup"	"positive"	0.370462606835221
"5"	"negative"	"ingroup"	"negative"	0.495890322010517
"5"	"negative"	"ingroup"	"negative"	0.397111546450556
"5"	"positive"	"ingroup"	"negative"	0.430980889465581
"5"	"positive"	"outgroup"	"negative"	0.410141119086173
"5"	"positive"	"ingroup"	"positive"	0.651819789897279
"5"	"positive"	"ingroup"	"positive"	0.54662020151593
"5"	"negative"	"outgroup"	"negative"	0.414193891259241
"5"	"negative"	"outgroup"	"positive"	0.462204239871647
"5"	"positive"	"outgroup"	"negative"	0.675962357834009
"5"	"positive"	"ingroup"	"positive"	0.487887336518792
"5"	"negative"	"outgroup"	"negative"	0.690268277321221
"5"	"positive"	"outgroup"	"positive"	0.696585889357057
"5"	"positive"	"outgroup"	"positive"	0.457866580154402
"5"	"negative"	"outgroup"	"negative"	0.533503748903491
"5"	"positive"	"outgroup"	"positive"	0.603519637607296
"5"	"negative"	"outgroup"	"positive"	0.425185195708047
"5"	"negative"	"ingroup"	"negative"	0.451851232280296
"5"	"negative"	"ingroup"	"negative"	0.679498333422498
"5"	"positive"	"outgroup"	"positive"	1.17742107360982
"5"	"positive"	"outgroup"	"positive"	0.610510551390333
"5"	"positive"	"ingroup"	"positive"	0.439270829530901
"5"	"positive"	"outgroup"	"negative"	0.420209562350895
"5"	"positive"	"outgroup"	"positive"	0.714560532387265
"5"	"negative"	"outgroup"	"negative"	0.36742784516902
"5"	"positive"	"ingroup"	"negative"	1.00392777329176
"5"	"negative"	"outgroup"	"negative"	0.603545291737324
"5"	"positive"	"ingroup"	"positive"	0.509702501063546
"5"	"positive"	"ingroup"	"negative"	0.511631370807223
"5"	"negative"	"outgroup"	"negative"	0.651443641156884
"5"	"positive"	"ingroup"	"positive"	0.641763833699959
"5"	"positive"	"outgroup"	"positive"	0.429755504789094
"5"	"positive"	"outgroup"	"positive"	1.19533196814217
"5"	"positive"	"ingroup"	"positive"	0.40988430077329
"5"	"positive"	"outgroup"	"positive"	0.712384032157992
"5"	"positive"	"ingroup"	"negative"	0.518919978140665
"5"	"positive"	"ingroup"	"positive"	0.563321407840785
"5"	"positive"	"ingroup"	"positive"	0.862432981582231
"5"	"negative"	"outgroup"	"negative"	0.407437394545873
"5"	"negative"	"ingroup"	"negative"	0.596595821702779
"5"	"negative"	"ingroup"	"positive"	0.749027696263276
"5"	"positive"	"ingroup"	"positive"	0.485765008748846
"5"	"positive"	"ingroup"	"negative"	0.488974252406343
"5"	"positive"	"ingroup"	"positive"	0.421868406391046
"5"	"positive"	"outgroup"	"negative"	0.675698295297517
"5"	"positive"	"outgroup"	"negative"	0.485746233604714
"5"	"negative"	"outgroup"	"negative"	0.400698669919164
"5"	"negative"	"ingroup"	"positive"	0.63138812506048
"5"	"negative"	"ingroup"	"negative"	0.605017429529788
"5"	"negative"	"outgroup"	"negative"	0.560212845248701
"5"	"positive"	"outgroup"	"negative"	0.829591698751651
"5"	"positive"	"ingroup"	"positive"	0.430158401712546
"5"	"positive"	"outgroup"	"positive"	0.46021861605241
"5"	"positive"	"outgroup"	"negative"	0.522156075146362
"5"	"negative"	"ingroup"	"negative"	0.531402582286204
"5"	"positive"	"outgroup"	"negative"	0.559334245902241
"5"	"negative"	"ingroup"	"negative"	0.420182144752133
"5"	"negative"	"ingroup"	"positive"	0.916036995833094
"5"	"positive"	"outgroup"	"positive"	0.397413428897363
"5"	"positive"	"ingroup"	"positive"	0.443231110073578
"5"	"positive"	"ingroup"	"positive"	0.543061494409131
"5"	"negative"	"outgroup"	"negative"	0.394488275496621
"5"	"negative"	"outgroup"	"negative"	0.689080458292854
"5"	"negative"	"outgroup"	"negative"	0.43468710612911
"5"	"positive"	"outgroup"	"positive"	0.585903822637986
"5"	"negative"	"outgroup"	"negative"	0.573752928513889
"5"	"positive"	"ingroup"	"positive"	0.395243731881702
"5"	"negative"	"outgroup"	"positive"	0.554862626453657
"5"	"negative"	"ingroup"	"positive"	0.370320653396895
"5"	"negative"	"outgroup"	"negative"	0.924935635866693
"5"	"negative"	"ingroup"	"positive"	0.40157849309262
"5"	"negative"	"ingroup"	"positive"	0.697192183585029
"5"	"positive"	"outgroup"	"positive"	0.524076162099552
"5"	"negative"	"outgroup"	"negative"	0.415004410840827
"5"	"negative"	"outgroup"	"positive"	0.499948688682779
"5"	"negative"	"outgroup"	"negative"	0.380832288327428
"5"	"negative"	"outgroup"	"negative"	0.806576051597643
"5"	"positive"	"outgroup"	"positive"	0.993720714129438
"5"	"negative"	"ingroup"	"negative"	0.472150508188679
"5"	"positive"	"outgroup"	"negative"	0.724737136052385
"5"	"positive"	"ingroup"	"positive"	0.547656276088976
"5"	"negative"	"ingroup"	"negative"	0.717469439278934
"5"	"negative"	"ingroup"	"negative"	0.412322448651638
"5"	"positive"	"outgroup"	"positive"	0.621477930994172
"5"	"negative"	"outgroup"	"positive"	0.605179663476697
"5"	"negative"	"outgroup"	"negative"	0.424047245241229
"5"	"negative"	"ingroup"	"positive"	0.588618603592953
"5"	"negative"	"ingroup"	"negative"	0.483042604597862
"5"	"positive"	"ingroup"	"positive"	0.562955739648899
"5"	"negative"	"ingroup"	"positive"	0.906034346874056
"5"	"negative"	"ingroup"	"negative"	0.44896086535381
"5"	"negative"	"outgroup"	"negative"	0.419262002804155
"5"	"negative"	"ingroup"	"positive"	0.468157204464161
"5"	"negative"	"ingroup"	"positive"	0.383116862061406
"5"	"negative"	"outgroup"	"negative"	0.496150889492933
"5"	"negative"	"outgroup"	"positive"	0.461464542933538
"5"	"positive"	"ingroup"	"positive"	0.642373315248243
"5"	"positive"	"outgroup"	"positive"	0.860739412463274
"5"	"negative"	"outgroup"	"positive"	0.520350052684868
"5"	"negative"	"outgroup"	"positive"	0.567958069592815
"5"	"positive"	"outgroup"	"positive"	0.539393768058784
"5"	"negative"	"ingroup"	"positive"	0.427917484965462
"5"	"positive"	"ingroup"	"positive"	0.602240521120126
"5"	"negative"	"ingroup"	"negative"	0.606861880849565
"5"	"negative"	"outgroup"	"negative"	1.17227880480463
"5"	"negative"	"ingroup"	"negative"	0.430129006724458
"5"	"positive"	"outgroup"	"positive"	0.453867174931184
"5"	"positive"	"outgroup"	"positive"	0.502473534040406
"5"	"positive"	"ingroup"	"negative"	0.564357112130091
"5"	"negative"	"outgroup"	"negative"	0.556859671135563
"5"	"negative"	"outgroup"	"positive"	0.84025408294165
"5"	"positive"	"ingroup"	"positive"	1.02626969461353
"5"	"negative"	"ingroup"	"positive"	0.58332433894512
"5"	"negative"	"ingroup"	"negative"	0.765406972685021
"5"	"negative"	"ingroup"	"positive"	0.387666867070278
"5"	"positive"	"ingroup"	"positive"	0.568276729147409
"5"	"positive"	"ingroup"	"positive"	0.441936179234299
"5"	"positive"	"ingroup"	"positive"	0.389130064955116
"5"	"positive"	"ingroup"	"positive"	0.566986639091395
"5"	"positive"	"outgroup"	"positive"	0.712691958583807
"5"	"negative"	"outgroup"	"negative"	0.363796011935753
"5"	"negative"	"outgroup"	"negative"	0.487240187391126
"5"	"negative"	"outgroup"	"negative"	0.411491748964152
"5"	"negative"	"ingroup"	"positive"	0.427691620611279
"5"	"positive"	"ingroup"	"positive"	0.38264022621863
"5"	"negative"	"ingroup"	"negative"	0.821349554490795
"5"	"positive"	"ingroup"	"positive"	0.599756222454896
"5"	"negative"	"ingroup"	"negative"	0.476094487233528
"5"	"negative"	"outgroup"	"negative"	0.424185152003229
"5"	"negative"	"ingroup"	"negative"	0.548961212331008
"5"	"positive"	"ingroup"	"negative"	0.631471772944536
"5"	"positive"	"ingroup"	"negative"	0.829392843714594
"5"	"negative"	"ingroup"	"positive"	0.470278195016077
"5"	"negative"	"ingroup"	"negative"	0.881282648110854
"5"	"positive"	"ingroup"	"positive"	0.41749396244592
"5"	"negative"	"ingroup"	"positive"	0.57654493516762
"5"	"negative"	"ingroup"	"positive"	0.409972676993742
"5"	"positive"	"ingroup"	"positive"	0.568476335123732
"5"	"positive"	"outgroup"	"negative"	0.478272790120718
"5"	"negative"	"outgroup"	"negative"	0.477372472573902
"5"	"negative"	"ingroup"	"negative"	0.60587175576142
"5"	"negative"	"outgroup"	"negative"	0.451414468789186
"5"	"negative"	"outgroup"	"positive"	0.409300523004951
"5"	"positive"	"outgroup"	"positive"	0.565173885698299
"5"	"negative"	"outgroup"	"negative"	0.800043475846093
"5"	"positive"	"ingroup"	"positive"	0.460644985839753
"5"	"positive"	"ingroup"	"positive"	0.382779376674247
"5"	"positive"	"outgroup"	"positive"	0.714399968196427
"5"	"negative"	"ingroup"	"negative"	0.443606165767731
"5"	"positive"	"outgroup"	"positive"	0.501444344499333
"5"	"negative"	"outgroup"	"negative"	0.449766349153185
"5"	"negative"	"outgroup"	"negative"	0.733445073847162
"5"	"negative"	"ingroup"	"positive"	0.429473025283174
"5"	"positive"	"ingroup"	"positive"	0.463149725130604
"5"	"negative"	"outgroup"	"negative"	0.514403543605056
"5"	"positive"	"ingroup"	"positive"	0.482323734619268
"5"	"negative"	"ingroup"	"positive"	0.663336879344152
"5"	"positive"	"outgroup"	"negative"	0.414532408882414
"5"	"positive"	"ingroup"	"positive"	0.580515716709372
"5"	"negative"	"outgroup"	"negative"	0.620250694361459
"5"	"negative"	"outgroup"	"negative"	0.529028718220006
"5"	"negative"	"outgroup"	"negative"	0.54999234807411
"5"	"negative"	"ingroup"	"negative"	0.435597107521447
"5"	"negative"	"outgroup"	"negative"	0.505300725867726
"5"	"negative"	"ingroup"	"positive"	0.5351696743967
"5"	"positive"	"ingroup"	"negative"	0.540035281668818
"5"	"positive"	"ingroup"	"negative"	0.474592938853633
"5"	"positive"	"outgroup"	"positive"	0.779574276854669
"5"	"positive"	"outgroup"	"positive"	0.496689809018854
"5"	"negative"	"outgroup"	"positive"	0.553716956227851
"5"	"negative"	"ingroup"	"positive"	0.427945304126867
"5"	"negative"	"ingroup"	"positive"	0.54621659751991
"5"	"positive"	"ingroup"	"negative"	0.445103318449953
"5"	"positive"	"outgroup"	"positive"	0.400533203136068
"5"	"negative"	"ingroup"	"positive"	0.433471241018691
"5"	"negative"	"outgroup"	"negative"	0.373460821127396
"5"	"positive"	"ingroup"	"positive"	0.559098668748063
"5"	"positive"	"ingroup"	"positive"	0.671046454137263
"5"	"negative"	"ingroup"	"positive"	0.53714186298249
"5"	"positive"	"ingroup"	"negative"	0.726346726445957
"5"	"negative"	"ingroup"	"positive"	0.441473128079939
"5"	"negative"	"ingroup"	"negative"	0.707024283148733
"5"	"positive"	"outgroup"	"negative"	0.464831271441276
"5"	"negative"	"outgroup"	"negative"	0.417177554870077
"5"	"positive"	"outgroup"	"negative"	0.444642858855799
"5"	"positive"	"ingroup"	"positive"	0.411883762173954
"5"	"negative"	"ingroup"	"positive"	0.407443175121358
"5"	"negative"	"outgroup"	"negative"	0.556021505894708
"5"	"negative"	"ingroup"	"negative"	1.13784961075636
"5"	"negative"	"ingroup"	"negative"	0.4364180245862
"5"	"positive"	"ingroup"	"positive"	0.373706759018418
"5"	"negative"	"ingroup"	"positive"	0.36068781845476
"5"	"positive"	"outgroup"	"negative"	0.452652630756505
"5"	"negative"	"ingroup"	"negative"	0.565100577427552
"5"	"positive"	"ingroup"	"negative"	0.828582585460518
"5"	"negative"	"ingroup"	"negative"	0.498794109099881
"5"	"negative"	"ingroup"	"positive"	0.461465564849232
"5"	"negative"	"ingroup"	"negative"	0.444797849859007
"5"	"positive"	"outgroup"	"positive"	1.28163179117207
"5"	"positive"	"ingroup"	"positive"	0.852297408516136
"5"	"negative"	"outgroup"	"positive"	0.709414144763146
"5"	"positive"	"outgroup"	"positive"	0.630271136962562
"5"	"negative"	"outgroup"	"positive"	0.899566778765545
"5"	"positive"	"ingroup"	"positive"	0.53587170545961
"5"	"positive"	"outgroup"	"negative"	0.387743222537533
"5"	"positive"	"outgroup"	"positive"	0.60294075035176
"5"	"negative"	"ingroup"	"negative"	1.15236216959086
"5"	"positive"	"outgroup"	"positive"	0.48038306854867
"5"	"negative"	"ingroup"	"negative"	0.455214120246384
"5"	"positive"	"outgroup"	"positive"	0.465755715517007
"5"	"negative"	"outgroup"	"negative"	0.437438437289854
"5"	"negative"	"ingroup"	"negative"	0.558426749980369
"5"	"positive"	"ingroup"	"negative"	0.723086297343734
"5"	"negative"	"outgroup"	"negative"	0.643864139059666
"5"	"positive"	"ingroup"	"positive"	0.819630408405765
"5"	"negative"	"outgroup"	"positive"	0.448413445209755
"5"	"positive"	"outgroup"	"positive"	0.82465030082631
"5"	"positive"	"outgroup"	"positive"	0.626855768132722
"5"	"negative"	"ingroup"	"positive"	0.468590261692955
"5"	"positive"	"outgroup"	"negative"	0.441646475692976
"5"	"negative"	"outgroup"	"negative"	1.25608988984687
"5"	"positive"	"ingroup"	"positive"	0.679958440222261
"5"	"negative"	"outgroup"	"positive"	1.24011756420279
"5"	"positive"	"ingroup"	"negative"	0.652840598322096
"5"	"negative"	"ingroup"	"positive"	0.484820164324778
"5"	"negative"	"outgroup"	"positive"	0.532408419637579
"5"	"negative"	"outgroup"	"negative"	0.491928520392195
"5"	"negative"	"ingroup"	"negative"	0.809768749024647
"5"	"positive"	"ingroup"	"positive"	0.421156761415883
"5"	"negative"	"outgroup"	"positive"	0.700880315296006
"5"	"negative"	"outgroup"	"negative"	0.439267188570264
"5"	"positive"	"ingroup"	"positive"	0.405733883798296
"5"	"positive"	"outgroup"	"positive"	0.411886319583041
"5"	"positive"	"ingroup"	"positive"	0.716687397697606
"5"	"positive"	"outgroup"	"positive"	0.640243198968473
"5"	"positive"	"outgroup"	"positive"	1.01696533154863
"5"	"positive"	"outgroup"	"positive"	0.492770881153849
"5"	"negative"	"ingroup"	"negative"	0.838126418406497
"5"	"positive"	"outgroup"	"positive"	0.433220254845132
"5"	"negative"	"outgroup"	"positive"	0.548743958044626
"5"	"negative"	"outgroup"	"positive"	0.570676264972467
"5"	"negative"	"ingroup"	"negative"	0.689900555118376
"5"	"positive"	"ingroup"	"positive"	0.413969199490413
"5"	"negative"	"outgroup"	"negative"	0.790403910929516
"5"	"negative"	"ingroup"	"positive"	0.463702757897387
"5"	"negative"	"outgroup"	"positive"	1.01008614024175
"5"	"negative"	"outgroup"	"negative"	0.404741005287958
"5"	"positive"	"outgroup"	"negative"	0.754017287374354
"5"	"positive"	"ingroup"	"negative"	0.588950852311118
"5"	"positive"	"outgroup"	"positive"	0.748748694517998
"5"	"negative"	"outgroup"	"negative"	0.439496958189917
"5"	"positive"	"outgroup"	"negative"	0.577193706342181
"5"	"negative"	"outgroup"	"negative"	0.466567464666283
"5"	"positive"	"ingroup"	"negative"	0.428193936970485
"5"	"positive"	"ingroup"	"negative"	0.542054078465562
"5"	"positive"	"ingroup"	"positive"	0.897915242794458
"5"	"negative"	"ingroup"	"negative"	0.725086604268625
"5"	"positive"	"outgroup"	"positive"	0.903633223945791
"5"	"positive"	"ingroup"	"positive"	0.59884657499236
"5"	"positive"	"ingroup"	"positive"	0.419274094388747
"5"	"positive"	"outgroup"	"positive"	0.591219753636694
"5"	"positive"	"ingroup"	"negative"	0.976943198482398
"5"	"positive"	"ingroup"	"negative"	0.801532526727805
"5"	"positive"	"outgroup"	"negative"	0.378411214103636
"5"	"positive"	"ingroup"	"positive"	1.02245323213123
"5"	"negative"	"ingroup"	"positive"	0.427479931184407
"5"	"positive"	"ingroup"	"positive"	0.727031368181703
"5"	"positive"	"outgroup"	"positive"	0.423088479721154
"5"	"negative"	"ingroup"	"positive"	0.378549155278908
"5"	"negative"	"outgroup"	"negative"	0.461915399821031
"5"	"negative"	"ingroup"	"negative"	0.447752375267191
"5"	"positive"	"outgroup"	"positive"	0.643694608783941
"5"	"negative"	"ingroup"	"negative"	0.502152053804489
"5"	"negative"	"outgroup"	"negative"	0.616365470605456
"5"	"negative"	"ingroup"	"negative"	0.579128970202542
"5"	"positive"	"ingroup"	"positive"	0.374631741586772
"5"	"positive"	"ingroup"	"positive"	0.403226648122268
"5"	"negative"	"ingroup"	"negative"	0.493202989929628
"5"	"positive"	"outgroup"	"positive"	0.551049208335448
"5"	"positive"	"outgroup"	"negative"	0.378956035343502
"5"	"negative"	"ingroup"	"negative"	0.4158061541712
"5"	"negative"	"outgroup"	"negative"	0.422112863884067
"5"	"positive"	"outgroup"	"positive"	0.652436397703228
"5"	"positive"	"outgroup"	"negative"	0.392860311976736
"5"	"positive"	"outgroup"	"positive"	0.716319365503266
"5"	"negative"	"outgroup"	"negative"	1.18687278626355
"5"	"negative"	"ingroup"	"positive"	0.563394712131812
"5"	"negative"	"ingroup"	"positive"	0.811796599130453
"5"	"positive"	"ingroup"	"positive"	0.411916574414458
"5"	"positive"	"outgroup"	"positive"	0.55952830077583
"5"	"positive"	"ingroup"	"positive"	1.00241974339694
"5"	"negative"	"outgroup"	"negative"	0.560480988419118
"5"	"negative"	"outgroup"	"positive"	0.809234653448125
"5"	"positive"	"ingroup"	"negative"	0.740677225274655
"5"	"negative"	"outgroup"	"positive"	0.50846761473739
"5"	"negative"	"outgroup"	"negative"	0.743312328778843
"5"	"negative"	"ingroup"	"positive"	0.491261856461468
"5"	"positive"	"ingroup"	"positive"	0.498140376015283
"5"	"negative"	"ingroup"	"negative"	0.817495412479266
"5"	"negative"	"outgroup"	"negative"	0.614784926236154
"5"	"positive"	"outgroup"	"negative"	0.410694416844779
"5"	"positive"	"ingroup"	"positive"	0.588129990327146
"5"	"negative"	"outgroup"	"positive"	0.41200118100696
"5"	"positive"	"outgroup"	"positive"	0.684524585493715
"5"	"negative"	"outgroup"	"negative"	0.462217581090826
"5"	"positive"	"ingroup"	"negative"	0.613268415962691
"5"	"negative"	"outgroup"	"negative"	0.640248253860131
"5"	"positive"	"outgroup"	"negative"	0.383552976672259
"5"	"positive"	"ingroup"	"positive"	0.49467967508892
"5"	"negative"	"ingroup"	"negative"	0.626369306895911
"5"	"positive"	"outgroup"	"positive"	0.530370214759906
"5"	"negative"	"ingroup"	"positive"	0.41709788851712
"5"	"negative"	"outgroup"	"positive"	0.51224132039598
"5"	"positive"	"ingroup"	"positive"	0.429249480646109
"5"	"positive"	"ingroup"	"negative"	0.656691607539662
"5"	"positive"	"ingroup"	"positive"	0.401409516439551
"5"	"negative"	"ingroup"	"negative"	0.627149155767527
"5"	"positive"	"outgroup"	"negative"	0.424998656059085
"5"	"negative"	"outgroup"	"negative"	0.656887186812692
"5"	"positive"	"ingroup"	"negative"	0.907977908048789
"5"	"positive"	"ingroup"	"positive"	0.521951659092253
"5"	"positive"	"outgroup"	"positive"	0.596372635481354
"5"	"positive"	"outgroup"	"positive"	0.8171302943969
"5"	"positive"	"ingroup"	"positive"	0.704321414306632
"5"	"positive"	"ingroup"	"positive"	0.402310856730032
"5"	"negative"	"outgroup"	"negative"	0.802558247980156
"5"	"negative"	"outgroup"	"negative"	0.424571597843568
"5"	"positive"	"outgroup"	"negative"	0.387554070491579
"5"	"negative"	"outgroup"	"negative"	0.721113166498596
"5"	"negative"	"outgroup"	"negative"	0.597484971339638
"5"	"negative"	"outgroup"	"negative"	0.401769391722887
"5"	"negative"	"outgroup"	"negative"	0.602274901619877
"5"	"positive"	"ingroup"	"positive"	0.368095182922609
"5"	"positive"	"outgroup"	"positive"	0.432234901650564
"5"	"positive"	"outgroup"	"positive"	0.666896250854863
"5"	"negative"	"ingroup"	"positive"	0.460794639303576
"5"	"negative"	"ingroup"	"negative"	0.479817026154601
"5"	"negative"	"ingroup"	"positive"	0.516425569274357
"5"	"positive"	"outgroup"	"negative"	0.632493687909177
"5"	"negative"	"outgroup"	"negative"	0.525221051589047
"5"	"positive"	"outgroup"	"positive"	0.763557916961029
"5"	"negative"	"outgroup"	"negative"	0.394505372772037
"5"	"negative"	"outgroup"	"negative"	0.416669791754093
"5"	"negative"	"ingroup"	"positive"	0.389933017139344
"5"	"positive"	"outgroup"	"positive"	0.622942550593418
"5"	"negative"	"ingroup"	"negative"	0.757040730440863
"5"	"positive"	"outgroup"	"negative"	0.594838997247908
"5"	"positive"	"outgroup"	"negative"	0.376455770309912
"5"	"positive"	"outgroup"	"negative"	0.709230708353693
"5"	"negative"	"ingroup"	"positive"	0.624738949162698
"5"	"positive"	"outgroup"	"negative"	0.411277286565855
"5"	"positive"	"ingroup"	"positive"	0.447574386132643
"5"	"positive"	"outgroup"	"positive"	0.784377721163018
"5"	"negative"	"outgroup"	"negative"	0.485375757889884
"5"	"positive"	"ingroup"	"positive"	0.866588306552448
"5"	"negative"	"ingroup"	"negative"	0.820722315530715
"5"	"positive"	"outgroup"	"positive"	0.508572898691557
"5"	"negative"	"ingroup"	"positive"	0.49852965152233
"5"	"negative"	"ingroup"	"positive"	0.918455366137284
"5"	"negative"	"outgroup"	"positive"	0.789134597253409
"5"	"negative"	"outgroup"	"positive"	0.5605876191125
"5"	"negative"	"ingroup"	"positive"	0.380236412894508
"5"	"negative"	"outgroup"	"positive"	0.416909732019475
"5"	"negative"	"outgroup"	"positive"	0.494118110567976
"5"	"negative"	"ingroup"	"positive"	0.57909710814014
"5"	"negative"	"ingroup"	"positive"	0.378433699510381
"5"	"positive"	"ingroup"	"positive"	0.681683249132091
"5"	"negative"	"ingroup"	"negative"	0.642336413214043
"5"	"positive"	"ingroup"	"positive"	0.441706145618575
"5"	"positive"	"ingroup"	"positive"	0.407090056974943
"5"	"negative"	"outgroup"	"positive"	0.531045649920181
"5"	"positive"	"outgroup"	"positive"	0.41443144331437
"5"	"positive"	"ingroup"	"negative"	0.394088262661612
"5"	"negative"	"ingroup"	"negative"	0.719910776706783
"5"	"positive"	"ingroup"	"positive"	0.785798520173395
"5"	"positive"	"ingroup"	"positive"	0.378514329302361
"5"	"positive"	"outgroup"	"positive"	0.388033605625525
"5"	"positive"	"ingroup"	"positive"	0.637562988693967
"5"	"negative"	"ingroup"	"positive"	0.428505223662915
"5"	"positive"	"outgroup"	"positive"	0.447528337698175
"5"	"negative"	"ingroup"	"negative"	0.588257868043712
"5"	"negative"	"ingroup"	"negative"	0.584313922008173
"5"	"negative"	"ingroup"	"negative"	0.714474306931524
"5"	"positive"	"ingroup"	"positive"	0.434463802209233
"5"	"positive"	"ingroup"	"positive"	0.683881651229341
"5"	"positive"	"outgroup"	"positive"	0.664118106272186
"5"	"positive"	"ingroup"	"positive"	0.441875458184225
"5"	"negative"	"ingroup"	"positive"	0.437951705307002
"5"	"negative"	"outgroup"	"negative"	0.673795094725481
"5"	"negative"	"outgroup"	"negative"	0.407482129240177
"5"	"negative"	"ingroup"	"negative"	0.636251474705855
"5"	"positive"	"ingroup"	"positive"	0.388128675189717
"5"	"positive"	"outgroup"	"negative"	0.369976333007938
"5"	"negative"	"outgroup"	"positive"	0.750780323109342
"5"	"negative"	"outgroup"	"negative"	0.739378823263288
"5"	"positive"	"outgroup"	"negative"	0.600127951636321
"5"	"positive"	"ingroup"	"positive"	0.39486358503271
"5"	"negative"	"outgroup"	"negative"	0.44965467802449
"5"	"negative"	"ingroup"	"positive"	0.940773138184726
"5"	"positive"	"outgroup"	"negative"	0.441543032136888
"5"	"negative"	"outgroup"	"negative"	0.713605773740108
"5"	"positive"	"outgroup"	"positive"	0.495818456783053
"5"	"positive"	"outgroup"	"negative"	0.395398296251772
"5"	"positive"	"ingroup"	"positive"	0.404562235619876
"5"	"negative"	"ingroup"	"positive"	0.47058159873273
"5"	"positive"	"ingroup"	"positive"	0.522574124837359
"5"	"negative"	"outgroup"	"positive"	0.548100390297071
"5"	"negative"	"outgroup"	"negative"	0.625078638056256
"5"	"positive"	"ingroup"	"negative"	0.780334799574366
"5"	"negative"	"ingroup"	"negative"	0.433592215257287
"5"	"negative"	"ingroup"	"negative"	0.454355029732442
"5"	"negative"	"ingroup"	"positive"	0.365926010800459
"5"	"positive"	"outgroup"	"negative"	0.453622695835012
"5"	"positive"	"outgroup"	"positive"	0.46011727985406
"5"	"positive"	"outgroup"	"positive"	0.474380152420607
"5"	"negative"	"outgroup"	"negative"	1.27902271031952
"5"	"negative"	"outgroup"	"negative"	0.497668539617572
"5"	"negative"	"outgroup"	"negative"	0.453331890114952
"5"	"positive"	"outgroup"	"positive"	0.414432053071557
"5"	"positive"	"outgroup"	"negative"	0.509566918725918
"5"	"positive"	"outgroup"	"negative"	0.867797095446882
"5"	"negative"	"outgroup"	"positive"	0.681034358293622
"5"	"positive"	"outgroup"	"positive"	0.531844582014342
"5"	"negative"	"ingroup"	"negative"	0.573856702962801
"5"	"negative"	"outgroup"	"positive"	0.722700988489933
"5"	"negative"	"ingroup"	"negative"	0.451205474689309
"5"	"negative"	"ingroup"	"positive"	0.526414700416425
"5"	"positive"	"outgroup"	"positive"	0.800747649944937
"5"	"positive"	"ingroup"	"negative"	0.484708035297795
"5"	"negative"	"ingroup"	"positive"	0.376695177285774
"5"	"positive"	"ingroup"	"positive"	0.515472237856816
"5"	"negative"	"ingroup"	"negative"	0.72094530018697
"5"	"positive"	"ingroup"	"positive"	0.450506565113256
"5"	"positive"	"ingroup"	"negative"	0.756055074102433
"5"	"positive"	"outgroup"	"positive"	0.644791244637974
"5"	"negative"	"outgroup"	"negative"	0.753484390150506
"5"	"positive"	"outgroup"	"negative"	0.70912970961613
"5"	"negative"	"ingroup"	"positive"	0.451765366545957
"5"	"negative"	"outgroup"	"positive"	0.560331215148235
"5"	"negative"	"outgroup"	"negative"	0.431602357828644
"5"	"positive"	"ingroup"	"positive"	0.438334939988542
"5"	"positive"	"ingroup"	"positive"	0.365469157190672
"5"	"positive"	"outgroup"	"negative"	0.512438940753224
"5"	"negative"	"outgroup"	"negative"	0.585083271447132
"5"	"positive"	"outgroup"	"positive"	0.623696117914791
"5"	"negative"	"ingroup"	"negative"	0.42879121246014
"5"	"positive"	"outgroup"	"negative"	0.426743209255331
"5"	"negative"	"ingroup"	"negative"	0.423974715647505
"5"	"positive"	"outgroup"	"positive"	0.93532321973841
"5"	"positive"	"ingroup"	"positive"	0.448324238064239
"5"	"negative"	"outgroup"	"negative"	0.448025970839404
"5"	"positive"	"outgroup"	"positive"	0.457703107220157
"5"	"positive"	"ingroup"	"positive"	0.750627948725178
"5"	"positive"	"outgroup"	"negative"	0.536615340588995
"5"	"positive"	"ingroup"	"negative"	0.541129766227586
"5"	"positive"	"outgroup"	"positive"	0.645494324510229
"5"	"positive"	"ingroup"	"positive"	0.484815646064923
"5"	"positive"	"outgroup"	"positive"	0.403107676756595
"5"	"positive"	"outgroup"	"negative"	0.423240047660342
"6"	"negative"	"outgroup"	"negative"	0.453859019889515
"6"	"negative"	"ingroup"	"negative"	1.86657513515545
"6"	"negative"	"ingroup"	"negative"	0.328979728417144
"6"	"negative"	"outgroup"	"negative"	0.347980118908662
"6"	"positive"	"outgroup"	"negative"	0.598417110085044
"6"	"positive"	"outgroup"	"negative"	0.328712251730264
"6"	"positive"	"outgroup"	"positive"	0.359589862523726
"6"	"positive"	"outgroup"	"positive"	0.433737573651906
"6"	"positive"	"outgroup"	"positive"	0.50727208210655
"6"	"positive"	"outgroup"	"negative"	0.289087458855918
"6"	"negative"	"outgroup"	"negative"	0.472192196250194
"6"	"positive"	"ingroup"	"positive"	0.302770025172868
"6"	"positive"	"outgroup"	"positive"	0.418464370097665
"6"	"negative"	"outgroup"	"negative"	0.341697461857256
"6"	"positive"	"ingroup"	"positive"	0.274393817090859
"6"	"negative"	"outgroup"	"negative"	0.312812722827351
"6"	"negative"	"ingroup"	"negative"	0.327242573224031
"6"	"positive"	"ingroup"	"positive"	0.350154365921614
"6"	"positive"	"outgroup"	"positive"	0.372388659564283
"6"	"positive"	"ingroup"	"positive"	0.316085600447293
"6"	"positive"	"outgroup"	"positive"	0.686064408293935
"6"	"positive"	"outgroup"	"positive"	0.616200234743917
"6"	"positive"	"outgroup"	"positive"	0.41533670671241
"6"	"positive"	"outgroup"	"positive"	0.379473697837226
"6"	"negative"	"outgroup"	"negative"	0.342770809607057
"6"	"negative"	"outgroup"	"negative"	0.375305624906144
"6"	"negative"	"ingroup"	"negative"	0.427374846472962
"6"	"negative"	"outgroup"	"negative"	0.281349527001889
"6"	"negative"	"outgroup"	"negative"	0.346234959093749
"6"	"positive"	"ingroup"	"positive"	0.32643638513657
"6"	"positive"	"outgroup"	"negative"	0.403622490209479
"6"	"negative"	"ingroup"	"negative"	0.767773902384492
"6"	"negative"	"ingroup"	"negative"	0.669458087393819
"6"	"negative"	"outgroup"	"negative"	0.32258319494018
"6"	"positive"	"ingroup"	"positive"	0.27644663446637
"6"	"negative"	"outgroup"	"negative"	0.379556958930128
"6"	"negative"	"outgroup"	"negative"	0.784489595148558
"6"	"negative"	"ingroup"	"negative"	0.479964206200337
"6"	"negative"	"outgroup"	"positive"	0.484431219800358
"6"	"negative"	"ingroup"	"negative"	0.371917965186533
"6"	"negative"	"ingroup"	"negative"	0.449525140507422
"6"	"positive"	"ingroup"	"negative"	0.333450764767724
"6"	"negative"	"ingroup"	"positive"	0.626554658961475
"6"	"positive"	"ingroup"	"negative"	0.344956899211336
"6"	"positive"	"ingroup"	"positive"	0.346798111102933
"6"	"negative"	"outgroup"	"negative"	0.395962016215375
"6"	"negative"	"outgroup"	"negative"	0.715086318745071
"6"	"negative"	"ingroup"	"positive"	0.534427824324608
"6"	"positive"	"ingroup"	"positive"	0.269034834843495
"6"	"negative"	"outgroup"	"positive"	0.347334290731977
"6"	"negative"	"outgroup"	"negative"	0.654187946583673
"6"	"positive"	"ingroup"	"positive"	0.284434280830354
"6"	"negative"	"outgroup"	"negative"	0.283196086152199
"6"	"negative"	"outgroup"	"negative"	0.327467608808774
"6"	"positive"	"ingroup"	"positive"	0.356442436846864
"6"	"negative"	"ingroup"	"negative"	0.385561689556953
"6"	"negative"	"ingroup"	"negative"	0.508836812720852
"6"	"negative"	"ingroup"	"negative"	0.377436377651609
"6"	"positive"	"outgroup"	"negative"	0.581957992778368
"6"	"positive"	"ingroup"	"positive"	0.665452389472396
"6"	"positive"	"outgroup"	"negative"	0.337774186137727
"6"	"negative"	"outgroup"	"negative"	0.417741916006081
"6"	"positive"	"ingroup"	"positive"	0.294715885791131
"6"	"negative"	"ingroup"	"negative"	0.470028053635556
"6"	"negative"	"ingroup"	"negative"	0.389638668896628
"6"	"negative"	"ingroup"	"negative"	0.359222052245936
"6"	"negative"	"outgroup"	"negative"	0.544662635810355
"6"	"positive"	"ingroup"	"positive"	0.358848081115621
"6"	"negative"	"outgroup"	"negative"	0.305185731915768
"6"	"positive"	"outgroup"	"positive"	0.578166428718206
"6"	"positive"	"outgroup"	"positive"	0.363168995979991
"6"	"positive"	"ingroup"	"positive"	0.288090728433484
"6"	"positive"	"ingroup"	"negative"	0.325116434847328
"6"	"negative"	"ingroup"	"positive"	0.441397230990292
"6"	"negative"	"outgroup"	"negative"	0.44110636791731
"6"	"negative"	"ingroup"	"negative"	0.610271838519257
"6"	"positive"	"outgroup"	"positive"	0.433698142904505
"6"	"negative"	"ingroup"	"positive"	0.375482507672861
"6"	"positive"	"outgroup"	"negative"	0.283731396257991
"6"	"positive"	"ingroup"	"positive"	0.37335620986827
"6"	"positive"	"outgroup"	"positive"	0.649824634421529
"6"	"negative"	"ingroup"	"negative"	0.445352228507522
"6"	"positive"	"ingroup"	"positive"	0.288217272912599
"6"	"positive"	"ingroup"	"positive"	0.348821025247068
"6"	"positive"	"ingroup"	"positive"	0.331891138252496
"6"	"positive"	"ingroup"	"positive"	0.531352708215486
"6"	"positive"	"outgroup"	"negative"	0.469220521916694
"6"	"positive"	"ingroup"	"positive"	0.46142800679051
"6"	"negative"	"outgroup"	"negative"	0.28542773733156
"6"	"negative"	"ingroup"	"positive"	0.304404229331374
"6"	"positive"	"outgroup"	"positive"	0.74120450523073
"6"	"positive"	"outgroup"	"positive"	0.367865321697717
"6"	"positive"	"outgroup"	"positive"	0.467810901320414
"6"	"negative"	"ingroup"	"negative"	0.600462171773143
"6"	"positive"	"outgroup"	"positive"	0.657569748061781
"6"	"positive"	"outgroup"	"positive"	0.411848832042877
"6"	"negative"	"ingroup"	"positive"	0.310244069559832
"6"	"negative"	"ingroup"	"negative"	0.35150149968764
"6"	"negative"	"outgroup"	"negative"	0.314074294092345
"6"	"positive"	"ingroup"	"positive"	0.562062291270233
"6"	"negative"	"outgroup"	"negative"	0.303748324982325
"6"	"negative"	"ingroup"	"negative"	0.398141035244898
"6"	"negative"	"outgroup"	"negative"	0.346190782661779
"6"	"negative"	"outgroup"	"negative"	0.335587777417621
"6"	"negative"	"ingroup"	"negative"	0.327310728976597
"6"	"positive"	"outgroup"	"positive"	0.513966880534008
"6"	"positive"	"ingroup"	"negative"	0.470111708365747
"6"	"negative"	"ingroup"	"negative"	0.28001059610096
"6"	"positive"	"outgroup"	"negative"	0.375245403550848
"6"	"positive"	"outgroup"	"negative"	0.309189950229395
"6"	"positive"	"ingroup"	"positive"	0.723090616942027
"6"	"negative"	"outgroup"	"negative"	0.641773557063885
"6"	"negative"	"ingroup"	"positive"	0.477165133852558
"6"	"negative"	"ingroup"	"negative"	0.579460776295971
"6"	"positive"	"outgroup"	"positive"	0.523130514192293
"6"	"negative"	"outgroup"	"negative"	0.342618697243725
"6"	"negative"	"outgroup"	"negative"	0.288428871105375
"6"	"negative"	"outgroup"	"positive"	0.34296149411094
"6"	"positive"	"ingroup"	"positive"	0.391058722547787
"6"	"positive"	"outgroup"	"positive"	0.646580873000789
"6"	"positive"	"outgroup"	"negative"	0.371342081151035
"6"	"positive"	"outgroup"	"positive"	0.376397701478501
"6"	"negative"	"ingroup"	"positive"	0.584877780121373
"6"	"positive"	"ingroup"	"positive"	0.447057336552126
"6"	"negative"	"ingroup"	"negative"	0.467988267093432
"6"	"negative"	"outgroup"	"negative"	0.312008244848615
"6"	"negative"	"ingroup"	"positive"	0.59078452758863
"6"	"negative"	"ingroup"	"negative"	0.633849150921918
"6"	"negative"	"outgroup"	"negative"	0.354324896708687
"6"	"negative"	"ingroup"	"positive"	0.343982730325055
"6"	"positive"	"ingroup"	"positive"	0.728914082975238
"6"	"negative"	"ingroup"	"negative"	0.43232472909372
"6"	"negative"	"ingroup"	"negative"	0.859844753638966
"6"	"positive"	"ingroup"	"positive"	0.854198558654508
"6"	"negative"	"outgroup"	"negative"	0.45208002821777
"6"	"negative"	"outgroup"	"negative"	0.421912548598678
"6"	"positive"	"ingroup"	"positive"	0.489352614401234
"6"	"negative"	"ingroup"	"positive"	0.291621936982526
"6"	"positive"	"ingroup"	"positive"	0.357147884824838
"6"	"negative"	"ingroup"	"positive"	0.548793908849615
"6"	"positive"	"ingroup"	"negative"	0.47968572416224
"6"	"negative"	"ingroup"	"negative"	0.485112309801399
"6"	"positive"	"outgroup"	"positive"	0.617673589629204
"6"	"negative"	"ingroup"	"negative"	0.695378288467304
"6"	"positive"	"outgroup"	"negative"	0.37739787247971
"6"	"negative"	"ingroup"	"positive"	0.417741242558658
"6"	"negative"	"ingroup"	"negative"	0.534821918058445
"6"	"positive"	"outgroup"	"positive"	0.427011398743228
"6"	"negative"	"ingroup"	"positive"	0.448049640418692
"6"	"positive"	"ingroup"	"positive"	0.625718671494539
"6"	"negative"	"outgroup"	"positive"	0.341437774556333
"6"	"positive"	"outgroup"	"positive"	0.624288823183041
"6"	"positive"	"outgroup"	"positive"	0.691094376801872
"6"	"positive"	"ingroup"	"positive"	0.304982305021687
"6"	"negative"	"ingroup"	"negative"	0.970134970240586
"6"	"negative"	"ingroup"	"negative"	0.625682912023469
"6"	"positive"	"outgroup"	"positive"	0.405137094404957
"6"	"negative"	"ingroup"	"negative"	0.347651136081964
"6"	"positive"	"outgroup"	"positive"	0.443553688894586
"6"	"negative"	"ingroup"	"positive"	0.277879795443858
"6"	"positive"	"ingroup"	"positive"	0.31409138014264
"6"	"negative"	"outgroup"	"negative"	0.889252487966898
"6"	"positive"	"ingroup"	"negative"	0.372049366309622
"6"	"positive"	"ingroup"	"positive"	0.421697662949704
"6"	"positive"	"ingroup"	"positive"	0.376926101855427
"6"	"negative"	"ingroup"	"negative"	0.454411021576201
"6"	"negative"	"ingroup"	"negative"	0.510607147807934
"6"	"negative"	"outgroup"	"negative"	0.34616197683606
"6"	"positive"	"ingroup"	"negative"	0.380181313662766
"6"	"negative"	"outgroup"	"positive"	0.341876663098187
"6"	"negative"	"ingroup"	"negative"	0.397308434895381
"6"	"negative"	"outgroup"	"negative"	0.323132142637283
"6"	"positive"	"outgroup"	"positive"	0.351688705386017
"6"	"positive"	"outgroup"	"positive"	0.770754947094066
"6"	"negative"	"outgroup"	"positive"	0.853372697661651
"6"	"negative"	"outgroup"	"negative"	0.300715769666762
"6"	"positive"	"outgroup"	"positive"	0.358916198477447
"6"	"positive"	"ingroup"	"positive"	0.33808780470139
"6"	"positive"	"outgroup"	"negative"	0.293783964253194
"6"	"negative"	"ingroup"	"negative"	0.417164463571843
"6"	"positive"	"outgroup"	"positive"	0.496721281136758
"6"	"positive"	"outgroup"	"negative"	0.456573192913224
"6"	"positive"	"outgroup"	"positive"	0.370396172673875
"6"	"negative"	"ingroup"	"positive"	0.402569212104129
"6"	"positive"	"outgroup"	"positive"	0.433649508608644
"6"	"positive"	"outgroup"	"positive"	0.515112883196513
"6"	"negative"	"outgroup"	"negative"	0.300184622903545
"6"	"negative"	"outgroup"	"positive"	0.695077840804851
"6"	"positive"	"outgroup"	"negative"	0.371221721831285
"6"	"positive"	"outgroup"	"negative"	0.639815393871592
"6"	"negative"	"outgroup"	"negative"	0.381300443349513
"6"	"negative"	"ingroup"	"negative"	0.323834871881696
"6"	"positive"	"outgroup"	"positive"	0.889745848925811
"6"	"negative"	"outgroup"	"negative"	0.313062255216332
"6"	"negative"	"ingroup"	"negative"	0.31748489260803
"6"	"negative"	"outgroup"	"negative"	0.30537204384931
"6"	"positive"	"ingroup"	"negative"	0.298407090044192
"6"	"positive"	"ingroup"	"positive"	0.384091840623526
"6"	"positive"	"outgroup"	"positive"	0.343675367777745
"6"	"positive"	"outgroup"	"negative"	0.375098036795804
"6"	"positive"	"ingroup"	"positive"	0.452489134498343
"6"	"positive"	"outgroup"	"positive"	0.400917190796422
"6"	"negative"	"outgroup"	"negative"	0.309377753940013
"6"	"negative"	"outgroup"	"negative"	0.304272577240614
"6"	"negative"	"outgroup"	"positive"	0.438114962361071
"6"	"negative"	"ingroup"	"negative"	0.521140257949293
"6"	"negative"	"ingroup"	"positive"	0.685475510368238
"6"	"positive"	"ingroup"	"positive"	0.44988584320409
"6"	"positive"	"ingroup"	"positive"	1.52051490923005
"6"	"positive"	"ingroup"	"positive"	0.486348816843256
"6"	"positive"	"outgroup"	"negative"	0.455856285435917
"6"	"positive"	"outgroup"	"negative"	0.329970284609121
"6"	"positive"	"outgroup"	"negative"	0.335400283045939
"6"	"positive"	"outgroup"	"negative"	0.315231799428638
"6"	"negative"	"outgroup"	"positive"	0.461502886076125
"6"	"negative"	"ingroup"	"positive"	0.429934569993156
"6"	"positive"	"ingroup"	"positive"	0.335722897298717
"6"	"negative"	"outgroup"	"positive"	0.453134485311933
"6"	"negative"	"outgroup"	"negative"	0.362384535140108
"6"	"positive"	"ingroup"	"positive"	0.46218189458178
"6"	"positive"	"outgroup"	"negative"	0.493958192587274
"6"	"negative"	"ingroup"	"negative"	0.425895412521091
"6"	"positive"	"ingroup"	"positive"	0.634977630240389
"6"	"negative"	"outgroup"	"negative"	0.656483838841155
"6"	"positive"	"outgroup"	"positive"	0.380015938903825
"6"	"negative"	"ingroup"	"positive"	0.5101182434492
"6"	"positive"	"outgroup"	"negative"	0.690121185216135
"6"	"positive"	"ingroup"	"positive"	0.479238244083172
"6"	"negative"	"outgroup"	"negative"	0.349492190677258
"6"	"negative"	"outgroup"	"negative"	0.523671821558284
"6"	"negative"	"outgroup"	"negative"	0.884478832816435
"6"	"positive"	"outgroup"	"negative"	0.394593502176409
"6"	"negative"	"ingroup"	"negative"	0.468829773187617
"6"	"positive"	"outgroup"	"positive"	0.606482242367454
"6"	"negative"	"outgroup"	"negative"	0.354715401641026
"6"	"positive"	"outgroup"	"positive"	0.575518746956069
"6"	"positive"	"ingroup"	"positive"	0.344930406543395
"6"	"positive"	"ingroup"	"positive"	0.297774577539992
"6"	"negative"	"outgroup"	"negative"	0.339185126772315
"6"	"positive"	"ingroup"	"positive"	0.512720401466848
"6"	"positive"	"outgroup"	"negative"	0.295586363021539
"6"	"positive"	"outgroup"	"positive"	1.05828145987478
"6"	"positive"	"outgroup"	"positive"	0.483424196116971
"6"	"negative"	"ingroup"	"positive"	0.515188002026894
"6"	"positive"	"ingroup"	"positive"	0.298932971790984
"6"	"positive"	"ingroup"	"positive"	0.370058640482717
"6"	"positive"	"outgroup"	"negative"	0.365383583862741
"6"	"positive"	"outgroup"	"negative"	0.463060630622226
"6"	"negative"	"ingroup"	"negative"	0.565891103893786
"6"	"positive"	"ingroup"	"positive"	0.524011618565071
"6"	"positive"	"outgroup"	"positive"	0.638697616413701
"6"	"positive"	"ingroup"	"positive"	0.420721074977709
"6"	"negative"	"ingroup"	"positive"	0.383911985358529
"6"	"positive"	"outgroup"	"positive"	0.431151724103335
"6"	"negative"	"ingroup"	"positive"	0.543630902741119
"6"	"positive"	"ingroup"	"positive"	0.319246765647035
"6"	"positive"	"ingroup"	"positive"	0.336537404956143
"6"	"positive"	"ingroup"	"positive"	0.301546722865309
"6"	"positive"	"ingroup"	"positive"	0.525500552214363
"6"	"positive"	"ingroup"	"positive"	0.570622803870504
"6"	"negative"	"ingroup"	"negative"	0.324084106366711
"6"	"negative"	"outgroup"	"negative"	0.303911401319817
"6"	"positive"	"outgroup"	"positive"	0.339468249203348
"6"	"negative"	"ingroup"	"negative"	0.449915251084583
"6"	"negative"	"ingroup"	"negative"	0.376208727211031
"6"	"negative"	"ingroup"	"negative"	0.759628134941186
"6"	"negative"	"outgroup"	"negative"	0.304795250206447
"6"	"positive"	"ingroup"	"positive"	0.323552885828902
"6"	"negative"	"outgroup"	"negative"	0.366352861630832
"6"	"positive"	"outgroup"	"positive"	0.714764388015224
"6"	"positive"	"ingroup"	"positive"	0.341337009336217
"6"	"positive"	"outgroup"	"negative"	0.388671372909547
"6"	"positive"	"outgroup"	"negative"	0.369694089954259
"6"	"positive"	"ingroup"	"positive"	0.361344170226183
"6"	"negative"	"outgroup"	"negative"	0.378836699386991
"6"	"positive"	"ingroup"	"positive"	0.392039704549622
"6"	"positive"	"ingroup"	"positive"	0.442316197757526
"6"	"positive"	"ingroup"	"negative"	0.347926522142172
"6"	"positive"	"outgroup"	"positive"	0.609567249997253
"6"	"negative"	"ingroup"	"positive"	0.314386910342956
"6"	"positive"	"outgroup"	"positive"	0.418606492468708
"6"	"negative"	"outgroup"	"negative"	0.293457773511188
"6"	"negative"	"outgroup"	"negative"	0.406483076140686
"6"	"positive"	"ingroup"	"positive"	0.348023148807057
"6"	"positive"	"ingroup"	"positive"	0.495463674855422
"6"	"positive"	"ingroup"	"positive"	0.416938025282351
"6"	"positive"	"ingroup"	"positive"	0.510182016400884
"6"	"positive"	"ingroup"	"positive"	0.398706766627465
"6"	"positive"	"outgroup"	"negative"	0.37956734718592
"6"	"positive"	"ingroup"	"negative"	0.533845408840688
"6"	"positive"	"ingroup"	"positive"	0.655304048456492
"6"	"negative"	"ingroup"	"positive"	0.531736174432602
"6"	"negative"	"ingroup"	"positive"	0.473404748729725
"6"	"positive"	"outgroup"	"positive"	0.298519156218935
"6"	"negative"	"ingroup"	"negative"	0.46804520145831
"6"	"negative"	"outgroup"	"negative"	0.54955064003796
"6"	"positive"	"ingroup"	"negative"	0.471777292078617
"6"	"negative"	"ingroup"	"negative"	0.315245350462409
"6"	"positive"	"ingroup"	"negative"	0.648322637533982
"6"	"negative"	"outgroup"	"negative"	0.543818280160264
"6"	"negative"	"outgroup"	"negative"	0.97053454209662
"6"	"positive"	"ingroup"	"positive"	0.557857070397169
"6"	"positive"	"outgroup"	"positive"	0.316614436878054
"6"	"negative"	"ingroup"	"negative"	0.480362635411491
"6"	"negative"	"outgroup"	"negative"	0.286584598285794
"6"	"positive"	"outgroup"	"negative"	0.327746007526027
"6"	"negative"	"outgroup"	"negative"	0.593476306691176
"6"	"negative"	"ingroup"	"negative"	0.498267181703132
"6"	"positive"	"ingroup"	"positive"	0.515451685461008
"6"	"negative"	"ingroup"	"negative"	0.539612244394396
"6"	"positive"	"outgroup"	"positive"	0.434142252701418
"6"	"positive"	"outgroup"	"negative"	0.443251613371521
"6"	"positive"	"outgroup"	"positive"	0.452134073269617
"6"	"negative"	"outgroup"	"negative"	0.350085240293578
"6"	"positive"	"outgroup"	"positive"	0.307103712905443
"6"	"negative"	"ingroup"	"negative"	0.329644034355432
"6"	"negative"	"outgroup"	"positive"	0.691597541469874
"6"	"positive"	"ingroup"	"positive"	0.320676894384447
"6"	"positive"	"ingroup"	"positive"	0.771642904090586
"6"	"negative"	"outgroup"	"positive"	0.722148135168386
"6"	"positive"	"outgroup"	"positive"	1.45073626432348
"6"	"positive"	"ingroup"	"positive"	0.672161848521214
"6"	"positive"	"outgroup"	"negative"	0.269489728223591
"6"	"negative"	"outgroup"	"negative"	0.359448161257262
"6"	"positive"	"outgroup"	"negative"	0.400495405019955
"6"	"negative"	"outgroup"	"negative"	0.309940188678641
"6"	"negative"	"ingroup"	"positive"	0.344285836796707
"6"	"positive"	"outgroup"	"negative"	0.459492438369435
"6"	"negative"	"ingroup"	"negative"	0.443267041357853
"6"	"positive"	"outgroup"	"positive"	0.403986049743036
"6"	"positive"	"ingroup"	"positive"	0.549811065325279
"6"	"positive"	"ingroup"	"positive"	0.480471422840902
"6"	"negative"	"ingroup"	"negative"	0.347529752708198
"6"	"positive"	"ingroup"	"positive"	0.543832976463024
"6"	"positive"	"ingroup"	"positive"	0.894002412224703
"6"	"negative"	"outgroup"	"negative"	0.412168154749873
"6"	"negative"	"ingroup"	"negative"	0.351489547626894
"6"	"positive"	"ingroup"	"positive"	0.288191613741432
"6"	"negative"	"outgroup"	"negative"	0.679871103687844
"6"	"positive"	"ingroup"	"positive"	0.331998661045432
"6"	"positive"	"ingroup"	"positive"	0.775485295723789
"6"	"negative"	"ingroup"	"positive"	0.401991633982892
"6"	"positive"	"ingroup"	"positive"	0.294407407415759
"6"	"negative"	"outgroup"	"negative"	0.767965064199046
"6"	"positive"	"outgroup"	"negative"	0.31674142745111
"6"	"negative"	"outgroup"	"negative"	0.361026870036738
"6"	"positive"	"outgroup"	"negative"	0.570615295283195
"6"	"positive"	"ingroup"	"positive"	0.441604244242362
"6"	"negative"	"outgroup"	"negative"	0.401588827834748
"6"	"positive"	"ingroup"	"positive"	0.35250575404509
"6"	"positive"	"outgroup"	"positive"	0.351487999052727
"6"	"positive"	"ingroup"	"positive"	0.483925518634498
"6"	"negative"	"outgroup"	"negative"	0.388682347027173
"6"	"negative"	"outgroup"	"negative"	0.296066308594329
"6"	"negative"	"outgroup"	"negative"	0.316040395166304
"6"	"positive"	"ingroup"	"positive"	0.314342793379952
"6"	"positive"	"outgroup"	"positive"	0.661432428309656
"6"	"negative"	"outgroup"	"negative"	0.341243261968903
"6"	"positive"	"ingroup"	"positive"	0.36309083059223
"6"	"positive"	"ingroup"	"positive"	0.31325453372435
"6"	"negative"	"ingroup"	"negative"	0.568681766980231
"6"	"negative"	"ingroup"	"negative"	0.392645429027959
"6"	"positive"	"ingroup"	"negative"	0.406259383508534
"6"	"negative"	"outgroup"	"negative"	0.901235674428878
"6"	"negative"	"ingroup"	"negative"	0.321197900650336
"6"	"positive"	"outgroup"	"positive"	0.305330106459013
"6"	"positive"	"outgroup"	"positive"	0.553175029879447
"6"	"negative"	"ingroup"	"positive"	0.537843145492515
"6"	"negative"	"outgroup"	"negative"	0.311390639797717
"6"	"positive"	"ingroup"	"positive"	0.918963512286511
"6"	"negative"	"outgroup"	"negative"	0.285848516570626
"6"	"negative"	"ingroup"	"negative"	0.44829519187503
"6"	"negative"	"ingroup"	"positive"	0.523185143604717
"6"	"negative"	"outgroup"	"positive"	0.58860189230473
"6"	"negative"	"outgroup"	"negative"	0.548125378331045
"6"	"positive"	"ingroup"	"positive"	0.346705362497538
"6"	"negative"	"ingroup"	"negative"	0.309569535124744
"6"	"negative"	"outgroup"	"negative"	0.404653187810633
"6"	"negative"	"ingroup"	"negative"	0.574407754530553
"6"	"negative"	"outgroup"	"negative"	0.496580552885049
"6"	"negative"	"outgroup"	"negative"	0.589016362992726
"6"	"negative"	"ingroup"	"positive"	0.290761193207911
"6"	"negative"	"outgroup"	"positive"	0.660652409917141
"6"	"negative"	"outgroup"	"positive"	0.900805627669559
"6"	"negative"	"ingroup"	"negative"	0.508405568228432
"6"	"positive"	"outgroup"	"positive"	0.338751286331879
"6"	"negative"	"ingroup"	"positive"	0.284153523594487
"6"	"negative"	"outgroup"	"negative"	0.593567143614729
"6"	"positive"	"outgroup"	"negative"	0.380062915528179
"6"	"positive"	"outgroup"	"negative"	0.31521110668363
"6"	"negative"	"outgroup"	"negative"	0.831246526381252
"6"	"positive"	"outgroup"	"positive"	0.382200864547849
"6"	"negative"	"ingroup"	"negative"	1.0707309590416
"6"	"positive"	"ingroup"	"positive"	0.37011603234621
"6"	"negative"	"ingroup"	"negative"	0.478042905028486
"6"	"positive"	"ingroup"	"negative"	0.727728803483748
"6"	"positive"	"ingroup"	"positive"	0.332255361982989
"6"	"negative"	"outgroup"	"positive"	0.563424314740332
"6"	"positive"	"outgroup"	"positive"	0.335451331038116
"6"	"positive"	"ingroup"	"positive"	0.505553304450759
"6"	"negative"	"ingroup"	"negative"	0.642622282578437
"6"	"negative"	"ingroup"	"negative"	0.403742691967247
"6"	"negative"	"outgroup"	"negative"	0.600717016550802
"6"	"negative"	"outgroup"	"negative"	0.452887041571904
"6"	"positive"	"outgroup"	"positive"	0.691471018467871
"6"	"positive"	"ingroup"	"positive"	0.522489111983008
"6"	"positive"	"outgroup"	"positive"	0.536103180738101
"6"	"negative"	"outgroup"	"negative"	0.407452641763056
"6"	"negative"	"outgroup"	"negative"	0.347375850472552
"6"	"negative"	"outgroup"	"negative"	0.388766065164576
"6"	"negative"	"ingroup"	"positive"	0.491754534699869
"6"	"positive"	"ingroup"	"positive"	0.444421742919348
"6"	"negative"	"ingroup"	"negative"	0.37015899527368
"6"	"negative"	"outgroup"	"negative"	0.315862970535337
"6"	"negative"	"outgroup"	"positive"	0.447336952544446
"6"	"negative"	"outgroup"	"negative"	0.465534467255905
"6"	"negative"	"ingroup"	"negative"	0.296292270228067
"6"	"negative"	"ingroup"	"negative"	0.635199832960252
"6"	"positive"	"outgroup"	"negative"	0.737131570987884
"6"	"positive"	"outgroup"	"negative"	0.951621879752558
"6"	"negative"	"outgroup"	"negative"	0.523403147266279
"6"	"negative"	"outgroup"	"negative"	0.332143153029101
"6"	"positive"	"ingroup"	"negative"	0.34449863076001
"6"	"positive"	"ingroup"	"positive"	0.681623027561721
"6"	"negative"	"ingroup"	"negative"	0.49247358434506
"6"	"negative"	"ingroup"	"negative"	0.351034804815341
"6"	"positive"	"ingroup"	"positive"	0.366796679046632
"6"	"positive"	"outgroup"	"positive"	0.408248463200432
"6"	"negative"	"outgroup"	"negative"	0.34718535670453
"6"	"negative"	"outgroup"	"negative"	0.425303574290986
"6"	"negative"	"ingroup"	"negative"	0.613519253794589
"6"	"positive"	"outgroup"	"negative"	1.09472503959575
"6"	"positive"	"ingroup"	"positive"	0.298430752423533
"6"	"negative"	"ingroup"	"positive"	0.958479300819568
"6"	"negative"	"ingroup"	"positive"	0.869398938583753
"6"	"negative"	"outgroup"	"negative"	0.396493458611982
"6"	"positive"	"outgroup"	"positive"	0.562244904275876
"6"	"negative"	"ingroup"	"negative"	0.362841576389859
"6"	"negative"	"outgroup"	"negative"	0.587599105967083
"6"	"positive"	"ingroup"	"positive"	0.275624979174699
"6"	"positive"	"outgroup"	"positive"	0.331126517958573
"6"	"negative"	"ingroup"	"positive"	0.426343360461702
"6"	"negative"	"ingroup"	"positive"	0.392035591514988
"6"	"negative"	"ingroup"	"negative"	0.352886019552064
"6"	"positive"	"ingroup"	"positive"	0.330557426257935
"6"	"positive"	"outgroup"	"positive"	0.410312347814522
"6"	"negative"	"outgroup"	"negative"	0.533206146379984
"6"	"positive"	"outgroup"	"positive"	1.0100891695972
"6"	"negative"	"outgroup"	"negative"	0.451948728127196
"6"	"negative"	"ingroup"	"positive"	0.638528974478614
"6"	"negative"	"ingroup"	"positive"	0.412552073970342
"6"	"positive"	"outgroup"	"positive"	0.301804649707675
"6"	"positive"	"ingroup"	"negative"	0.461120642608449
"6"	"positive"	"outgroup"	"negative"	0.384373288308025
"6"	"negative"	"ingroup"	"negative"	0.412269303180336
"6"	"negative"	"outgroup"	"negative"	0.352842630493079
"6"	"negative"	"ingroup"	"negative"	0.395999808529736
"6"	"positive"	"ingroup"	"positive"	0.36616276256392
"6"	"positive"	"outgroup"	"positive"	0.472371596976373
"6"	"positive"	"ingroup"	"positive"	0.356792025780957
"7"	"positive"	"outgroup"	"negative"	0.302932842018524
"7"	"positive"	"outgroup"	"positive"	0.68372559415178
"7"	"negative"	"ingroup"	"negative"	0.536469947340261
"7"	"positive"	"ingroup"	"positive"	0.646152261626402
"7"	"negative"	"ingroup"	"negative"	0.619242316689878
"7"	"negative"	"outgroup"	"negative"	0.790580673257963
"7"	"positive"	"ingroup"	"positive"	0.517200578170831
"7"	"positive"	"ingroup"	"positive"	0.81919840959583
"7"	"positive"	"ingroup"	"negative"	0.409562713949634
"7"	"negative"	"outgroup"	"negative"	0.340852103706864
"7"	"positive"	"ingroup"	"negative"	0.336333896758642
"7"	"positive"	"outgroup"	"positive"	0.573258595582116
"7"	"negative"	"ingroup"	"positive"	0.481814821628614
"7"	"negative"	"outgroup"	"negative"	0.303332272350717
"7"	"positive"	"ingroup"	"negative"	0.620557970627168
"7"	"negative"	"outgroup"	"negative"	0.411305344638622
"7"	"positive"	"ingroup"	"negative"	0.441705023535787
"7"	"negative"	"ingroup"	"negative"	0.400509414121667
"7"	"positive"	"outgroup"	"negative"	0.48552263331258
"7"	"positive"	"outgroup"	"positive"	0.550149213089567
"7"	"negative"	"outgroup"	"negative"	0.494846542686841
"7"	"positive"	"ingroup"	"negative"	0.39326217804553
"7"	"positive"	"outgroup"	"positive"	0.65867424916532
"7"	"positive"	"ingroup"	"positive"	0.511850685518681
"7"	"negative"	"ingroup"	"negative"	0.524794051434255
"7"	"negative"	"ingroup"	"positive"	0.469015839041499
"7"	"positive"	"outgroup"	"positive"	0.449425029951816
"7"	"positive"	"outgroup"	"positive"	0.606773133339038
"7"	"positive"	"ingroup"	"negative"	0.471167546503273
"7"	"positive"	"outgroup"	"negative"	0.348144444131576
"7"	"positive"	"ingroup"	"negative"	0.354329532702071
"7"	"negative"	"outgroup"	"negative"	0.340709284073118
"7"	"negative"	"outgroup"	"negative"	0.35394761798
"7"	"positive"	"ingroup"	"positive"	0.344183176114013
"7"	"negative"	"ingroup"	"positive"	1.34105146489509
"7"	"positive"	"outgroup"	"positive"	0.707433969142252
"7"	"negative"	"ingroup"	"positive"	0.796822348021882
"7"	"negative"	"ingroup"	"positive"	0.423609024533999
"7"	"positive"	"outgroup"	"negative"	0.409839596086036
"7"	"negative"	"outgroup"	"positive"	0.434170020862741
"7"	"negative"	"ingroup"	"negative"	0.919976187030228
"7"	"negative"	"ingroup"	"positive"	0.622028285649082
"7"	"negative"	"outgroup"	"positive"	1.01693060508475
"7"	"positive"	"ingroup"	"positive"	0.4229614323933
"7"	"negative"	"outgroup"	"negative"	0.297026845633586
"7"	"positive"	"outgroup"	"negative"	0.428609531286862
"7"	"positive"	"outgroup"	"positive"	0.567657419002372
"7"	"negative"	"outgroup"	"positive"	0.616521223760462
"7"	"positive"	"ingroup"	"positive"	0.304728753430126
"7"	"positive"	"outgroup"	"positive"	0.383141145735803
"7"	"negative"	"outgroup"	"negative"	0.381347656034086
"7"	"negative"	"outgroup"	"positive"	0.527544025771416
"7"	"positive"	"outgroup"	"negative"	0.331172110438615
"7"	"positive"	"ingroup"	"positive"	0.336423368618541
"7"	"negative"	"ingroup"	"positive"	0.377526804473116
"7"	"positive"	"ingroup"	"positive"	0.417796160015596
"7"	"negative"	"ingroup"	"negative"	0.904141743687003
"7"	"positive"	"outgroup"	"positive"	0.543763420476737
"7"	"negative"	"outgroup"	"negative"	0.516082806541928
"7"	"negative"	"outgroup"	"negative"	0.315397490372982
"7"	"positive"	"outgroup"	"positive"	0.425046290622716
"7"	"positive"	"outgroup"	"positive"	0.385338588271817
"7"	"positive"	"ingroup"	"positive"	0.352778184717959
"7"	"positive"	"outgroup"	"negative"	0.32174629335003
"7"	"negative"	"ingroup"	"negative"	0.358875047517553
"7"	"negative"	"outgroup"	"negative"	0.531884817216393
"7"	"negative"	"ingroup"	"negative"	0.500610476008287
"7"	"negative"	"outgroup"	"negative"	0.352216653855763
"7"	"negative"	"outgroup"	"negative"	0.45791224789653
"7"	"negative"	"ingroup"	"positive"	0.316743895605911
"7"	"negative"	"outgroup"	"positive"	0.734655052633772
"7"	"positive"	"outgroup"	"positive"	0.480412971127786
"7"	"negative"	"outgroup"	"negative"	0.42503128920666
"7"	"negative"	"ingroup"	"negative"	1.0672809101239
"7"	"positive"	"ingroup"	"positive"	0.39667147077621
"7"	"negative"	"outgroup"	"positive"	0.402702609818233
"7"	"positive"	"outgroup"	"positive"	0.449538778071444
"7"	"positive"	"ingroup"	"positive"	0.353977486839929
"7"	"negative"	"ingroup"	"negative"	0.477937401689593
"7"	"positive"	"ingroup"	"positive"	0.606525059365647
"7"	"positive"	"ingroup"	"positive"	0.332234333106381
"7"	"positive"	"ingroup"	"negative"	0.484992847358324
"7"	"positive"	"ingroup"	"negative"	0.518461496021731
"7"	"negative"	"ingroup"	"negative"	0.384483772556994
"7"	"negative"	"outgroup"	"negative"	0.307412445712
"7"	"negative"	"outgroup"	"negative"	0.57565041018625
"7"	"positive"	"ingroup"	"negative"	0.541798379463492
"7"	"negative"	"ingroup"	"negative"	0.616002734058053
"7"	"positive"	"outgroup"	"positive"	0.703926714207156
"7"	"negative"	"outgroup"	"negative"	0.399044251241048
"7"	"negative"	"outgroup"	"positive"	0.512344858549067
"7"	"negative"	"outgroup"	"positive"	0.728532488335397
"7"	"negative"	"outgroup"	"negative"	0.357737181576081
"7"	"negative"	"ingroup"	"negative"	0.342614661177944
"7"	"positive"	"outgroup"	"negative"	0.474103431102406
"7"	"negative"	"ingroup"	"positive"	0.336925574949465
"7"	"negative"	"ingroup"	"negative"	0.380250379778746
"7"	"positive"	"outgroup"	"positive"	0.376424213957362
"7"	"positive"	"outgroup"	"positive"	0.743754098126644
"7"	"negative"	"ingroup"	"negative"	0.568861422446625
"7"	"positive"	"outgroup"	"positive"	0.369372772997795
"7"	"positive"	"outgroup"	"positive"	0.573946659645139
"7"	"negative"	"outgroup"	"negative"	0.327288675266485
"7"	"negative"	"ingroup"	"negative"	0.716885452401688
"7"	"negative"	"ingroup"	"negative"	0.51101332914101
"7"	"negative"	"outgroup"	"positive"	0.444901216737999
"7"	"positive"	"ingroup"	"positive"	0.452318589378835
"7"	"negative"	"ingroup"	"negative"	0.763737641629857
"7"	"positive"	"outgroup"	"negative"	0.677041529245971
"7"	"positive"	"ingroup"	"positive"	0.792596929149767
"7"	"negative"	"outgroup"	"positive"	0.398950541357588
"7"	"positive"	"outgroup"	"negative"	0.340564693527717
"7"	"negative"	"ingroup"	"positive"	0.426656756988571
"7"	"negative"	"outgroup"	"negative"	0.304909954263706
"7"	"positive"	"outgroup"	"positive"	1.11094398007356
"7"	"negative"	"outgroup"	"negative"	0.297846856988045
"7"	"positive"	"ingroup"	"positive"	0.545922362785984
"7"	"positive"	"ingroup"	"positive"	0.387381466340385
"7"	"negative"	"outgroup"	"negative"	0.431260136215366
"7"	"negative"	"outgroup"	"negative"	0.404550387571218
"7"	"positive"	"outgroup"	"positive"	0.606527273309403
"7"	"negative"	"outgroup"	"negative"	0.461364207406376
"7"	"positive"	"ingroup"	"positive"	0.304188642889316
"7"	"negative"	"outgroup"	"positive"	0.387109353746301
"7"	"positive"	"outgroup"	"negative"	0.819105186563998
"7"	"negative"	"ingroup"	"positive"	0.324648691687943
"7"	"negative"	"outgroup"	"negative"	0.525255979176716
"7"	"negative"	"ingroup"	"positive"	0.388714811209119
"7"	"negative"	"ingroup"	"positive"	0.749997113992388
"7"	"negative"	"ingroup"	"positive"	0.305875035118971
"7"	"positive"	"outgroup"	"positive"	0.457764356295139
"7"	"positive"	"ingroup"	"positive"	0.326828476811309
"7"	"negative"	"ingroup"	"negative"	0.434037706668488
"7"	"negative"	"outgroup"	"negative"	0.69916639486528
"7"	"negative"	"ingroup"	"negative"	0.604921539345299
"7"	"positive"	"ingroup"	"positive"	0.651658437288948
"7"	"negative"	"outgroup"	"negative"	0.578268764812198
"7"	"negative"	"outgroup"	"negative"	0.359193716160289
"7"	"positive"	"outgroup"	"positive"	0.404523736622117
"7"	"positive"	"outgroup"	"negative"	0.304166265939619
"7"	"positive"	"outgroup"	"negative"	0.419857701951551
"7"	"negative"	"outgroup"	"negative"	0.40381391993057
"7"	"positive"	"outgroup"	"negative"	0.298954541234666
"7"	"negative"	"outgroup"	"positive"	0.686135219399516
"7"	"positive"	"outgroup"	"negative"	0.37123247740386
"7"	"positive"	"ingroup"	"positive"	0.610830544304227
"7"	"positive"	"ingroup"	"positive"	0.418709752911726
"7"	"positive"	"ingroup"	"positive"	0.507412733265822
"7"	"positive"	"ingroup"	"positive"	0.382224712998962
"7"	"positive"	"ingroup"	"positive"	0.317812373370192
"7"	"negative"	"ingroup"	"positive"	0.326740654861591
"7"	"negative"	"outgroup"	"positive"	0.525855549297035
"7"	"negative"	"ingroup"	"positive"	0.524616627761489
"7"	"negative"	"outgroup"	"positive"	0.435499342983926
"7"	"positive"	"outgroup"	"positive"	0.370538756472562
"7"	"negative"	"outgroup"	"negative"	0.663712705514348
"7"	"negative"	"ingroup"	"positive"	0.45621121241701
"7"	"negative"	"ingroup"	"positive"	0.349080940060998
"7"	"negative"	"ingroup"	"negative"	0.406085357592492
"7"	"positive"	"outgroup"	"negative"	0.783563117110488
"7"	"positive"	"outgroup"	"positive"	0.561523845432855
"7"	"positive"	"outgroup"	"positive"	0.405533331139504
"7"	"negative"	"ingroup"	"negative"	0.911934526527625
"7"	"positive"	"outgroup"	"negative"	0.324835047165198
"7"	"negative"	"ingroup"	"positive"	0.648225084329811
"7"	"positive"	"ingroup"	"negative"	0.466590904662321
"7"	"positive"	"outgroup"	"positive"	1.05452751089293
"7"	"positive"	"ingroup"	"positive"	0.322257207741224
"7"	"negative"	"outgroup"	"negative"	0.316482780867055
"7"	"positive"	"outgroup"	"negative"	0.355677541057131
"7"	"positive"	"ingroup"	"positive"	0.383364636361137
"7"	"positive"	"ingroup"	"positive"	0.483703417521507
"7"	"positive"	"ingroup"	"negative"	0.322844026097441
"7"	"negative"	"ingroup"	"positive"	0.446786609801548
"7"	"positive"	"ingroup"	"positive"	0.346876363965449
"7"	"negative"	"ingroup"	"negative"	0.522019406623947
"7"	"positive"	"outgroup"	"negative"	0.564764457039966
"7"	"negative"	"ingroup"	"positive"	0.462338565342596
"7"	"positive"	"outgroup"	"negative"	0.331478888217598
"7"	"negative"	"ingroup"	"positive"	0.420833889285035
"7"	"negative"	"ingroup"	"negative"	0.340929425309005
"7"	"negative"	"outgroup"	"negative"	0.540197579326743
"7"	"negative"	"outgroup"	"negative"	0.607181549918899
"7"	"positive"	"ingroup"	"positive"	0.351854134506504
"7"	"positive"	"outgroup"	"negative"	0.326134725045066
"7"	"negative"	"outgroup"	"negative"	0.360308708403125
"7"	"negative"	"outgroup"	"negative"	0.338931594404399
"7"	"positive"	"outgroup"	"positive"	1.05223483604348
"7"	"positive"	"outgroup"	"positive"	0.488822185896251
"7"	"positive"	"ingroup"	"positive"	0.324369812709946
"7"	"negative"	"ingroup"	"negative"	0.799042680663947
"7"	"negative"	"outgroup"	"positive"	0.550281578218081
"7"	"positive"	"outgroup"	"negative"	0.411317729862088
"7"	"positive"	"ingroup"	"negative"	0.445534761424839
"7"	"positive"	"outgroup"	"positive"	0.421866560245247
"7"	"negative"	"outgroup"	"negative"	0.388119780478062
"7"	"negative"	"ingroup"	"negative"	0.498805251368846
"7"	"negative"	"outgroup"	"negative"	0.729240597838399
"7"	"positive"	"outgroup"	"positive"	0.53632231025008
"7"	"negative"	"ingroup"	"negative"	0.439818955936768
"7"	"negative"	"outgroup"	"negative"	0.429598164933657
"7"	"negative"	"ingroup"	"negative"	0.498705096226845
"7"	"positive"	"ingroup"	"positive"	0.494857211570822
"7"	"positive"	"ingroup"	"positive"	0.318002078812631
"7"	"positive"	"ingroup"	"positive"	0.343785022327129
"7"	"positive"	"ingroup"	"negative"	0.907021442317085
"7"	"positive"	"ingroup"	"positive"	0.526564326279448
"7"	"negative"	"ingroup"	"positive"	0.324498618411953
"7"	"negative"	"ingroup"	"positive"	0.320055135146102
"7"	"negative"	"outgroup"	"negative"	0.654354482657345
"7"	"negative"	"outgroup"	"negative"	0.353300368972437
"7"	"negative"	"outgroup"	"negative"	0.593375425707482
"7"	"positive"	"ingroup"	"negative"	0.724258600744026
"7"	"negative"	"ingroup"	"positive"	0.337851724440796
"7"	"negative"	"ingroup"	"positive"	0.368591811676911
"7"	"positive"	"outgroup"	"positive"	0.504424549740548
"7"	"positive"	"outgroup"	"negative"	0.96764933286629
"7"	"negative"	"outgroup"	"positive"	0.449525197058315
"7"	"positive"	"outgroup"	"positive"	0.423091165885147
"7"	"negative"	"ingroup"	"negative"	0.495390743597783
"7"	"negative"	"ingroup"	"positive"	0.614665754335897
"7"	"negative"	"ingroup"	"negative"	0.811844558450674
"7"	"positive"	"outgroup"	"negative"	0.314810089529406
"7"	"positive"	"outgroup"	"negative"	0.693898055147939
"7"	"negative"	"outgroup"	"negative"	0.405294389321748
"7"	"positive"	"ingroup"	"positive"	0.575017146138857
"7"	"negative"	"outgroup"	"negative"	0.307954349042486
"7"	"positive"	"ingroup"	"positive"	0.357700385594754
"7"	"negative"	"outgroup"	"negative"	0.353579448643539
"7"	"negative"	"ingroup"	"negative"	0.727156753471795
"7"	"negative"	"outgroup"	"negative"	0.417648494720174
"7"	"negative"	"ingroup"	"positive"	0.402919390660561
"7"	"negative"	"outgroup"	"negative"	0.390129210005829
"7"	"positive"	"outgroup"	"negative"	0.332463361796131
"7"	"positive"	"ingroup"	"positive"	1.01561324525157
"7"	"negative"	"ingroup"	"negative"	0.981904237499928
"7"	"negative"	"ingroup"	"negative"	0.375665853465425
"7"	"positive"	"outgroup"	"positive"	0.791443491760724
"7"	"negative"	"outgroup"	"negative"	0.297486913668131
"7"	"positive"	"outgroup"	"positive"	0.381766315190473
"7"	"negative"	"ingroup"	"negative"	0.33186231134571
"7"	"positive"	"outgroup"	"positive"	0.476661976766184
"7"	"positive"	"outgroup"	"positive"	0.469292564475071
"7"	"negative"	"outgroup"	"negative"	0.836695212209899
"7"	"positive"	"ingroup"	"positive"	0.316831856238431
"7"	"positive"	"outgroup"	"negative"	0.449582488137628
"7"	"negative"	"ingroup"	"positive"	0.353430689632437
"7"	"negative"	"outgroup"	"negative"	0.402592712852346
"7"	"positive"	"outgroup"	"positive"	0.674868010725464
"7"	"negative"	"outgroup"	"positive"	0.498995518626864
"7"	"positive"	"outgroup"	"positive"	0.654147542884906
"7"	"positive"	"outgroup"	"positive"	0.633702603052222
"7"	"negative"	"outgroup"	"negative"	0.34715208865126
"7"	"positive"	"ingroup"	"positive"	0.682574442956094
"7"	"negative"	"outgroup"	"negative"	0.447311859613262
"7"	"positive"	"ingroup"	"positive"	0.500722759260533
"7"	"negative"	"ingroup"	"positive"	0.778580219563722
"7"	"positive"	"ingroup"	"positive"	0.337532403642755
"7"	"positive"	"outgroup"	"negative"	0.752083400248186
"7"	"positive"	"outgroup"	"positive"	0.682563231124262
"7"	"positive"	"outgroup"	"negative"	0.334079517531448
"7"	"positive"	"ingroup"	"positive"	0.313650968431703
"7"	"negative"	"outgroup"	"negative"	0.36227024881622
"7"	"positive"	"ingroup"	"positive"	0.454060404013465
"7"	"negative"	"ingroup"	"negative"	1.12100564712561
"7"	"negative"	"outgroup"	"negative"	0.393025240392931
"7"	"positive"	"ingroup"	"positive"	0.362695761866085
"7"	"positive"	"outgroup"	"negative"	0.310219215115294
"7"	"positive"	"outgroup"	"positive"	1.00909418573135
"7"	"positive"	"ingroup"	"negative"	0.517344911423702
"7"	"positive"	"ingroup"	"positive"	0.372875415641099
"7"	"positive"	"outgroup"	"negative"	0.457532786133238
"7"	"positive"	"ingroup"	"positive"	0.688658990763099
"7"	"negative"	"outgroup"	"negative"	0.413457359198976
"7"	"negative"	"ingroup"	"negative"	0.830575939484562
"7"	"negative"	"ingroup"	"positive"	0.68242352662372
"7"	"negative"	"ingroup"	"positive"	0.889984699832042
"7"	"negative"	"outgroup"	"negative"	0.38741514605384
"7"	"negative"	"ingroup"	"negative"	0.731616908334149
"7"	"positive"	"ingroup"	"positive"	0.400885805657373
"7"	"negative"	"ingroup"	"positive"	0.71806482114893
"7"	"negative"	"ingroup"	"negative"	0.326461272154137
"7"	"positive"	"outgroup"	"negative"	0.49283812319223
"7"	"negative"	"outgroup"	"positive"	0.629259504545729
"7"	"negative"	"outgroup"	"negative"	0.753821891218875
"7"	"negative"	"ingroup"	"positive"	0.693006193103932
"7"	"positive"	"outgroup"	"positive"	0.381517581869428
"7"	"negative"	"ingroup"	"negative"	0.390394784120869
"7"	"positive"	"ingroup"	"positive"	0.506135776574634
"7"	"positive"	"outgroup"	"negative"	0.362463619557709
"7"	"positive"	"ingroup"	"positive"	0.383006782580558
"7"	"positive"	"ingroup"	"positive"	0.578461617097422
"7"	"negative"	"ingroup"	"negative"	0.626073265158969
"7"	"negative"	"ingroup"	"negative"	0.71450471240006
"7"	"negative"	"ingroup"	"negative"	0.355135610494385
"7"	"positive"	"outgroup"	"positive"	0.411779037065482
"7"	"positive"	"outgroup"	"positive"	0.668302422405658
"7"	"positive"	"ingroup"	"positive"	0.406347174563492
"7"	"positive"	"outgroup"	"positive"	0.368502336206169
"7"	"positive"	"outgroup"	"positive"	0.407096120934944
"7"	"positive"	"outgroup"	"positive"	0.554183042148822
"7"	"positive"	"outgroup"	"negative"	0.304766955687439
"7"	"negative"	"outgroup"	"negative"	0.41459331339155
"7"	"negative"	"ingroup"	"positive"	0.447893466343266
"7"	"positive"	"ingroup"	"positive"	1.15061234175444
"7"	"positive"	"outgroup"	"positive"	0.671194164619025
"7"	"positive"	"ingroup"	"positive"	0.33760334328584
"7"	"positive"	"ingroup"	"positive"	0.475814914033589
"7"	"negative"	"ingroup"	"positive"	0.3089993392667
"7"	"positive"	"outgroup"	"positive"	0.34603312842402
"7"	"positive"	"ingroup"	"positive"	0.394349810201089
"7"	"positive"	"ingroup"	"positive"	0.346583397920713
"7"	"positive"	"ingroup"	"positive"	0.384125308971303
"7"	"negative"	"outgroup"	"negative"	0.352756663581895
"7"	"negative"	"outgroup"	"positive"	0.567513955750655
"7"	"negative"	"outgroup"	"negative"	0.630186225797258
"7"	"positive"	"outgroup"	"negative"	0.399342715655355
"7"	"positive"	"ingroup"	"positive"	0.360967059039404
"7"	"negative"	"ingroup"	"positive"	0.336653164417506
"7"	"positive"	"outgroup"	"negative"	0.302987357648901
"7"	"positive"	"ingroup"	"negative"	0.694132139144996
"7"	"negative"	"ingroup"	"negative"	0.602735611248697
"7"	"positive"	"ingroup"	"positive"	0.312721761841496
"7"	"negative"	"ingroup"	"negative"	0.402369074353406
"7"	"positive"	"outgroup"	"negative"	0.320844695453778
"7"	"negative"	"ingroup"	"positive"	0.35084007055644
"7"	"negative"	"ingroup"	"positive"	0.380788041341761
"7"	"negative"	"ingroup"	"positive"	0.347073790064903
"7"	"negative"	"ingroup"	"negative"	0.339454646746706
"7"	"positive"	"ingroup"	"positive"	0.411279166574787
"7"	"negative"	"outgroup"	"negative"	0.353321335578399
"7"	"negative"	"outgroup"	"negative"	0.300903781248619
"7"	"negative"	"outgroup"	"positive"	0.481122719822645
"7"	"negative"	"outgroup"	"negative"	0.340411848164249
"7"	"positive"	"ingroup"	"negative"	0.52349269602742
"7"	"positive"	"ingroup"	"positive"	0.506943272723377
"7"	"positive"	"ingroup"	"positive"	0.540542056201206
"7"	"positive"	"outgroup"	"negative"	0.451216344956557
"7"	"negative"	"outgroup"	"negative"	0.620657374892475
"7"	"negative"	"outgroup"	"negative"	0.320324918183132
"7"	"negative"	"ingroup"	"negative"	0.478614094721871
"7"	"negative"	"outgroup"	"positive"	0.450378214941573
"7"	"positive"	"ingroup"	"negative"	0.67936569545549
"7"	"positive"	"ingroup"	"negative"	0.925472637425009
"7"	"negative"	"ingroup"	"positive"	0.535132791833326
"7"	"negative"	"outgroup"	"negative"	0.301972083863151
"7"	"positive"	"ingroup"	"negative"	0.415636833663552
"7"	"negative"	"ingroup"	"negative"	0.429974222423077
"7"	"positive"	"ingroup"	"positive"	0.296027720828757
"7"	"negative"	"outgroup"	"positive"	0.500768242636512
"7"	"positive"	"outgroup"	"positive"	0.652954562352177
"7"	"negative"	"outgroup"	"positive"	0.547163453564013
"7"	"positive"	"outgroup"	"negative"	0.352035428864989
"7"	"negative"	"ingroup"	"negative"	0.521631362465556
"7"	"negative"	"outgroup"	"negative"	0.608297649351496
"7"	"positive"	"outgroup"	"positive"	0.453251520526126
"7"	"negative"	"outgroup"	"negative"	0.430004468891425
"7"	"negative"	"outgroup"	"negative"	0.988771985033088
"7"	"positive"	"outgroup"	"positive"	0.490116072833187
"7"	"positive"	"outgroup"	"positive"	0.404574274583716
"7"	"positive"	"ingroup"	"positive"	0.368798741367502
"7"	"positive"	"ingroup"	"positive"	0.39592512755333
"7"	"positive"	"ingroup"	"positive"	0.407494812348762
"7"	"negative"	"outgroup"	"negative"	0.898974351484364
"7"	"positive"	"outgroup"	"negative"	0.49807506021833
"7"	"negative"	"outgroup"	"negative"	0.466711459376161
"7"	"negative"	"ingroup"	"negative"	0.736563978884595
"7"	"negative"	"ingroup"	"negative"	0.830287585461961
"7"	"negative"	"ingroup"	"positive"	0.53809760789282
"7"	"negative"	"ingroup"	"positive"	0.593823443339843
"7"	"negative"	"ingroup"	"positive"	0.293904750216248
"7"	"positive"	"ingroup"	"positive"	0.393620000088486
"7"	"negative"	"ingroup"	"positive"	0.456325870770411
"7"	"negative"	"ingroup"	"negative"	0.40888585291584
"7"	"negative"	"ingroup"	"negative"	0.428739372499008
"7"	"negative"	"outgroup"	"negative"	0.495972787651252
"7"	"positive"	"ingroup"	"positive"	0.311408555654994
"7"	"negative"	"ingroup"	"positive"	0.314964213117559
"7"	"positive"	"ingroup"	"positive"	0.447545761685536
"7"	"positive"	"ingroup"	"negative"	0.758219703633988
"7"	"positive"	"ingroup"	"positive"	0.393848355455788
"7"	"positive"	"outgroup"	"negative"	0.619481225530222
"7"	"negative"	"outgroup"	"negative"	0.394359854179772
"7"	"positive"	"ingroup"	"positive"	1.40350701138929
"7"	"negative"	"ingroup"	"positive"	0.780495879173817
"7"	"negative"	"ingroup"	"positive"	0.342502067448789
"7"	"positive"	"ingroup"	"positive"	0.346742862906624
"7"	"negative"	"ingroup"	"positive"	0.600395892759862
"7"	"positive"	"ingroup"	"negative"	0.509766404520954
"7"	"negative"	"ingroup"	"positive"	0.366289073168814
"7"	"positive"	"ingroup"	"negative"	0.465900975848983
"7"	"positive"	"ingroup"	"positive"	0.389512646034944
"7"	"positive"	"ingroup"	"positive"	0.500361871824372
"7"	"negative"	"outgroup"	"negative"	0.438828199444437
"7"	"negative"	"ingroup"	"negative"	0.490276043914805
"7"	"positive"	"ingroup"	"positive"	0.298398734445595
"7"	"negative"	"outgroup"	"negative"	0.292000097102296
"7"	"positive"	"ingroup"	"negative"	0.467875256841182
"7"	"positive"	"outgroup"	"positive"	0.390877817073084
"7"	"positive"	"ingroup"	"positive"	0.312720791813926
"7"	"positive"	"ingroup"	"positive"	0.330444741376613
"7"	"positive"	"ingroup"	"positive"	0.570319193038398
"7"	"negative"	"outgroup"	"negative"	0.360231248736867
"7"	"positive"	"outgroup"	"positive"	0.428269637144731
"7"	"negative"	"ingroup"	"negative"	0.585188860041173
"7"	"positive"	"outgroup"	"negative"	0.370578021671764
"7"	"positive"	"ingroup"	"positive"	0.347349485067544
"7"	"positive"	"ingroup"	"positive"	0.592784878884758
"7"	"positive"	"outgroup"	"negative"	0.564250947137233
"7"	"negative"	"outgroup"	"negative"	0.30898798735844
"7"	"positive"	"ingroup"	"positive"	0.869682234695305
"7"	"negative"	"ingroup"	"positive"	0.526545959684385
"7"	"positive"	"outgroup"	"positive"	0.74244372477229
"7"	"positive"	"ingroup"	"positive"	0.402924936843633
"7"	"positive"	"outgroup"	"negative"	0.332178330040513
"7"	"negative"	"outgroup"	"positive"	0.496707795546845
"7"	"negative"	"outgroup"	"positive"	0.859918257620475
"7"	"positive"	"ingroup"	"positive"	0.571582208298594
"7"	"positive"	"outgroup"	"negative"	0.334260042288137
"7"	"negative"	"outgroup"	"negative"	0.441673441588136
"7"	"negative"	"ingroup"	"negative"	0.440109368062707
"7"	"negative"	"ingroup"	"negative"	0.647095268389075
"7"	"positive"	"outgroup"	"positive"	0.610000614626217
"7"	"negative"	"outgroup"	"positive"	0.451372807131292
"7"	"positive"	"ingroup"	"positive"	0.51133458093934
"7"	"positive"	"outgroup"	"negative"	0.7233308043743
"7"	"negative"	"outgroup"	"negative"	0.296835744652861
"7"	"negative"	"ingroup"	"negative"	0.74623629159219
"7"	"negative"	"ingroup"	"negative"	0.40136986507376
"7"	"positive"	"ingroup"	"negative"	0.562244123820885
"7"	"negative"	"outgroup"	"positive"	0.349587900083368
"7"	"negative"	"ingroup"	"positive"	0.402516809385465
"7"	"negative"	"ingroup"	"positive"	0.302883556718649
"7"	"negative"	"outgroup"	"negative"	0.308435405733708
"7"	"positive"	"ingroup"	"negative"	0.351432308869591
"7"	"positive"	"ingroup"	"positive"	0.417597354448945
"7"	"negative"	"outgroup"	"negative"	0.322363591650095
"7"	"positive"	"outgroup"	"positive"	0.674850648176208
"7"	"negative"	"ingroup"	"negative"	0.303080823374116
"7"	"positive"	"outgroup"	"negative"	0.348681077500794
"7"	"negative"	"outgroup"	"negative"	0.303941847238776
"7"	"positive"	"outgroup"	"positive"	0.38536130393777
"7"	"negative"	"outgroup"	"negative"	1.01025518887325
"7"	"negative"	"ingroup"	"positive"	0.331025346732083
"7"	"positive"	"outgroup"	"positive"	0.548025278757569
"7"	"positive"	"ingroup"	"positive"	0.36765119706224
"7"	"negative"	"outgroup"	"negative"	0.361108589564237
"7"	"positive"	"outgroup"	"positive"	0.381465493331139
"7"	"negative"	"ingroup"	"negative"	0.471917322968171
"7"	"negative"	"outgroup"	"negative"	0.39359908364803
"7"	"negative"	"outgroup"	"negative"	0.664082238178189
"7"	"negative"	"outgroup"	"positive"	0.405185232836445
"7"	"negative"	"ingroup"	"negative"	0.439963841777589
"7"	"positive"	"outgroup"	"positive"	0.376406638400908
"7"	"positive"	"outgroup"	"negative"	0.339156456407958
"7"	"positive"	"outgroup"	"positive"	0.375697229982263
"7"	"positive"	"outgroup"	"negative"	0.426046046465695
"7"	"positive"	"outgroup"	"negative"	0.365873961438111
"7"	"negative"	"outgroup"	"negative"	0.338963500077445
"7"	"positive"	"outgroup"	"negative"	0.994021545370339
"8"	"negative"	"ingroup"	"negative"	0.727829697442342
"8"	"negative"	"ingroup"	"negative"	0.57438727741661
"8"	"negative"	"outgroup"	"negative"	1.02397035933205
"8"	"positive"	"ingroup"	"positive"	0.604540726724508
"8"	"negative"	"ingroup"	"positive"	0.797519769449337
"8"	"negative"	"outgroup"	"negative"	0.396485058832802
"8"	"positive"	"ingroup"	"positive"	0.439074154019484
"8"	"negative"	"ingroup"	"negative"	0.640196232337322
"8"	"positive"	"outgroup"	"positive"	0.379585581242786
"8"	"negative"	"outgroup"	"positive"	0.488779988339128
"8"	"positive"	"ingroup"	"positive"	0.481642906715451
"8"	"negative"	"ingroup"	"positive"	0.685612132882219
"8"	"positive"	"ingroup"	"positive"	0.45378720609251
"8"	"negative"	"ingroup"	"negative"	0.509902401819085
"8"	"positive"	"outgroup"	"positive"	0.693241109476029
"8"	"negative"	"outgroup"	"negative"	0.651425708140511
"8"	"negative"	"ingroup"	"positive"	0.644313687268066
"8"	"negative"	"outgroup"	"negative"	0.41249509981409
"8"	"positive"	"ingroup"	"positive"	0.564433270870764
"8"	"positive"	"outgroup"	"positive"	0.581950723851783
"8"	"negative"	"ingroup"	"negative"	0.616240458381973
"8"	"negative"	"ingroup"	"negative"	0.472016565233158
"8"	"negative"	"outgroup"	"negative"	0.976660724879941
"8"	"positive"	"ingroup"	"positive"	0.52140258360785
"8"	"positive"	"ingroup"	"negative"	0.575961700871427
"8"	"negative"	"ingroup"	"negative"	0.593324412834756
"8"	"positive"	"outgroup"	"negative"	0.500946041847274
"8"	"positive"	"outgroup"	"positive"	0.664113897620487
"8"	"positive"	"outgroup"	"positive"	0.376121731683755
"8"	"positive"	"ingroup"	"negative"	0.669226062962666
"8"	"positive"	"ingroup"	"negative"	0.722053773694001
"8"	"negative"	"ingroup"	"negative"	0.76904892811836
"8"	"positive"	"outgroup"	"negative"	0.513466006232441
"8"	"negative"	"ingroup"	"negative"	0.487158186887503
"8"	"negative"	"outgroup"	"negative"	0.426341454197685
"8"	"positive"	"ingroup"	"positive"	0.37957756035671
"8"	"positive"	"ingroup"	"positive"	0.63950724042467
"8"	"negative"	"ingroup"	"negative"	0.437733437191563
"8"	"positive"	"ingroup"	"positive"	0.452334252443534
"8"	"positive"	"ingroup"	"negative"	0.562682356505383
"8"	"positive"	"ingroup"	"positive"	1.06977178887815
"8"	"negative"	"outgroup"	"positive"	0.56445180263262
"8"	"positive"	"outgroup"	"negative"	0.647024235922088
"8"	"negative"	"ingroup"	"negative"	0.920716487127597
"8"	"positive"	"ingroup"	"positive"	0.445088898588653
"8"	"positive"	"outgroup"	"negative"	0.531947425319941
"8"	"positive"	"ingroup"	"positive"	0.382001448691157
"8"	"positive"	"outgroup"	"negative"	0.709442127752344
"8"	"negative"	"outgroup"	"negative"	0.396652352815019
"8"	"positive"	"ingroup"	"positive"	0.609650076865705
"8"	"negative"	"outgroup"	"negative"	0.806274883361791
"8"	"positive"	"outgroup"	"positive"	0.39797231659901
"8"	"negative"	"ingroup"	"negative"	0.709309541944404
"8"	"negative"	"outgroup"	"negative"	0.417543284445642
"8"	"negative"	"outgroup"	"positive"	0.609742925293231
"8"	"positive"	"outgroup"	"negative"	0.68902768011538
"8"	"positive"	"ingroup"	"positive"	0.511082050148409
"8"	"negative"	"outgroup"	"positive"	0.606083558508211
"8"	"positive"	"outgroup"	"negative"	0.544563549986118
"8"	"negative"	"outgroup"	"negative"	1.00797821395061
"8"	"positive"	"ingroup"	"positive"	0.651766883830206
"8"	"negative"	"ingroup"	"negative"	0.613880938085565
"8"	"negative"	"outgroup"	"negative"	0.526473519395546
"8"	"negative"	"outgroup"	"negative"	0.454717760876154
"8"	"negative"	"ingroup"	"negative"	0.656223267643947
"8"	"positive"	"ingroup"	"positive"	0.748698611672589
"8"	"positive"	"ingroup"	"negative"	0.413710897582478
"8"	"negative"	"outgroup"	"negative"	0.491665426936188
"8"	"positive"	"ingroup"	"positive"	0.746934539264616
"8"	"negative"	"outgroup"	"negative"	0.438384214262155
"8"	"positive"	"outgroup"	"negative"	0.529423336567474
"8"	"positive"	"outgroup"	"positive"	0.718521660649235
"8"	"negative"	"ingroup"	"negative"	0.473818552731823
"8"	"positive"	"outgroup"	"negative"	0.449238233359661
"8"	"negative"	"ingroup"	"negative"	0.414415224422523
"8"	"positive"	"outgroup"	"positive"	0.389788814555217
"8"	"positive"	"outgroup"	"negative"	0.599837556995491
"8"	"negative"	"outgroup"	"negative"	0.479259904551913
"8"	"negative"	"outgroup"	"negative"	0.413886230570289
"8"	"negative"	"outgroup"	"negative"	0.715874060315429
"8"	"negative"	"outgroup"	"negative"	0.451510966500289
"8"	"positive"	"outgroup"	"positive"	0.555655710716343
"8"	"positive"	"outgroup"	"positive"	0.661992418630687
"8"	"positive"	"outgroup"	"positive"	0.582826850157303
"8"	"positive"	"ingroup"	"positive"	0.806451578259962
"8"	"positive"	"ingroup"	"negative"	0.618694814739197
"8"	"positive"	"outgroup"	"positive"	0.597035957884838
"8"	"positive"	"ingroup"	"positive"	0.419861969901816
"8"	"positive"	"outgroup"	"positive"	0.474780296400064
"8"	"positive"	"ingroup"	"positive"	0.483218105435484
"8"	"positive"	"outgroup"	"negative"	0.406345697562785
"8"	"negative"	"outgroup"	"negative"	0.404698853733815
"8"	"negative"	"outgroup"	"negative"	0.429974409475339
"8"	"positive"	"outgroup"	"positive"	0.43514930260002
"8"	"positive"	"outgroup"	"positive"	0.91173836088404
"8"	"negative"	"ingroup"	"negative"	0.464338373247271
"8"	"negative"	"ingroup"	"negative"	0.524330039632323
"8"	"positive"	"ingroup"	"negative"	1.30615359779417
"8"	"positive"	"outgroup"	"positive"	0.531454403273932
"8"	"negative"	"outgroup"	"positive"	0.63976845655586
"8"	"negative"	"ingroup"	"positive"	0.510686765587985
"8"	"positive"	"outgroup"	"negative"	0.398925371830026
"8"	"negative"	"outgroup"	"negative"	0.383897250589594
"8"	"negative"	"outgroup"	"positive"	0.571227689281416
"8"	"positive"	"ingroup"	"negative"	0.483754104221235
"8"	"negative"	"ingroup"	"negative"	0.614752104423335
"8"	"positive"	"outgroup"	"positive"	0.560870829416705
"8"	"negative"	"outgroup"	"positive"	0.567805481911139
"8"	"negative"	"outgroup"	"negative"	0.464587822852198
"8"	"positive"	"outgroup"	"positive"	0.421466983320827
"8"	"positive"	"ingroup"	"negative"	0.551605480598449
"8"	"positive"	"outgroup"	"positive"	0.584652167471409
"8"	"negative"	"ingroup"	"positive"	0.406609075279782
"8"	"positive"	"ingroup"	"positive"	0.530343018524215
"8"	"positive"	"outgroup"	"positive"	0.576947643700357
"8"	"positive"	"outgroup"	"positive"	0.598400726373801
"8"	"positive"	"ingroup"	"positive"	0.62564513837354
"8"	"positive"	"ingroup"	"positive"	0.405073873035661
"8"	"positive"	"ingroup"	"positive"	0.443504463007479
"8"	"negative"	"outgroup"	"negative"	0.439458868709645
"8"	"negative"	"outgroup"	"positive"	0.488209447470241
"8"	"positive"	"ingroup"	"positive"	0.57124467128228
"8"	"positive"	"ingroup"	"negative"	0.603744501345273
"8"	"negative"	"outgroup"	"negative"	0.749315062465115
"8"	"negative"	"ingroup"	"positive"	0.64635723170232
"8"	"positive"	"ingroup"	"negative"	0.518177614226066
"8"	"negative"	"ingroup"	"negative"	0.797621689873733
"8"	"negative"	"outgroup"	"negative"	0.589143916632482
"8"	"negative"	"outgroup"	"negative"	0.528208441110351
"8"	"positive"	"outgroup"	"positive"	0.407919395224307
"8"	"negative"	"outgroup"	"negative"	0.396646497510545
"8"	"negative"	"ingroup"	"positive"	0.614472181910077
"8"	"positive"	"outgroup"	"negative"	0.593580120677613
"8"	"positive"	"outgroup"	"negative"	0.391817010790094
"8"	"positive"	"ingroup"	"positive"	0.381152069494236
"8"	"positive"	"outgroup"	"positive"	0.416093386505672
"8"	"negative"	"ingroup"	"negative"	1.10417305054264
"8"	"positive"	"outgroup"	"positive"	0.744995640897764
"8"	"negative"	"ingroup"	"negative"	0.391835331087012
"8"	"negative"	"outgroup"	"negative"	0.385394728207487
"8"	"positive"	"outgroup"	"positive"	0.477479464231357
"8"	"negative"	"ingroup"	"negative"	0.907098207431718
"8"	"negative"	"ingroup"	"negative"	0.531248741477494
"8"	"positive"	"ingroup"	"positive"	0.483576563500804
"8"	"positive"	"outgroup"	"positive"	1.10631874008339
"8"	"positive"	"outgroup"	"positive"	0.510871447358378
"8"	"negative"	"ingroup"	"negative"	0.569237739009599
"8"	"negative"	"outgroup"	"negative"	0.411607845861091
"8"	"positive"	"ingroup"	"negative"	0.49691082435705
"8"	"negative"	"ingroup"	"negative"	0.50311378105687
"8"	"positive"	"outgroup"	"negative"	0.533831496183912
"8"	"positive"	"ingroup"	"negative"	0.4175949104929
"8"	"negative"	"outgroup"	"positive"	0.41665496312176
"8"	"negative"	"ingroup"	"negative"	0.464547942142194
"8"	"negative"	"ingroup"	"negative"	0.471426484656157
"8"	"positive"	"ingroup"	"positive"	0.411995387422301
"8"	"positive"	"outgroup"	"positive"	0.466437083495852
"8"	"negative"	"ingroup"	"negative"	0.652331790065691
"8"	"negative"	"outgroup"	"positive"	0.482386296940393
"8"	"positive"	"ingroup"	"positive"	0.377266984889562
"8"	"positive"	"outgroup"	"positive"	1.08561813564178
"8"	"positive"	"outgroup"	"positive"	0.739562757025785
"8"	"positive"	"outgroup"	"positive"	0.504310950605177
"8"	"negative"	"outgroup"	"negative"	0.550107807380158
"8"	"negative"	"ingroup"	"positive"	0.45349087075363
"8"	"positive"	"ingroup"	"negative"	0.502603762529209
"8"	"negative"	"outgroup"	"negative"	0.489719043006885
"8"	"positive"	"ingroup"	"positive"	0.447359238710019
"8"	"negative"	"outgroup"	"negative"	0.423825607769009
"8"	"positive"	"outgroup"	"positive"	0.622417028672295
"8"	"negative"	"outgroup"	"negative"	0.714873128297273
"8"	"positive"	"outgroup"	"positive"	0.587799365439399
"8"	"positive"	"ingroup"	"positive"	0.431176923372534
"8"	"negative"	"outgroup"	"negative"	0.401839547961819
"8"	"positive"	"outgroup"	"positive"	0.529516646453219
"8"	"positive"	"ingroup"	"positive"	0.380541053719202
"8"	"negative"	"outgroup"	"negative"	0.418932223045861
"8"	"negative"	"outgroup"	"negative"	0.788169887768823
"8"	"positive"	"ingroup"	"positive"	0.453951429947613
"8"	"negative"	"ingroup"	"negative"	0.439812423505336
"8"	"positive"	"outgroup"	"positive"	0.899681665475146
"8"	"negative"	"outgroup"	"negative"	0.401853772366325
"8"	"positive"	"outgroup"	"positive"	0.588157842489562
"8"	"negative"	"ingroup"	"positive"	0.39669536828671
"8"	"positive"	"outgroup"	"positive"	0.911021456231813
"8"	"positive"	"ingroup"	"positive"	0.466407563082659
"8"	"positive"	"ingroup"	"positive"	0.419397385866188
"8"	"negative"	"ingroup"	"negative"	0.469938270515372
"8"	"negative"	"outgroup"	"negative"	0.392610949415157
"8"	"positive"	"outgroup"	"positive"	0.841057754724372
"8"	"negative"	"ingroup"	"negative"	0.426831912026804
"8"	"positive"	"outgroup"	"negative"	0.413780051793293
"8"	"positive"	"outgroup"	"positive"	0.550039167039739
"8"	"negative"	"outgroup"	"negative"	0.387209369374309
"8"	"positive"	"ingroup"	"negative"	0.980860107214534
"8"	"positive"	"outgroup"	"negative"	0.566422527939561
"8"	"positive"	"ingroup"	"positive"	0.378280066786178
"8"	"negative"	"outgroup"	"negative"	0.489650690215363
"8"	"negative"	"outgroup"	"negative"	0.453600174017984
"8"	"negative"	"outgroup"	"negative"	0.428013527242891
"8"	"negative"	"outgroup"	"negative"	0.514064358191802
"8"	"positive"	"outgroup"	"positive"	0.71882040653344
"8"	"negative"	"outgroup"	"negative"	0.395177325486377
"8"	"positive"	"outgroup"	"negative"	0.468031279973848
"8"	"negative"	"outgroup"	"negative"	0.377002096885996
"8"	"negative"	"outgroup"	"negative"	0.561210534209796
"8"	"positive"	"outgroup"	"positive"	0.471340662149116
"8"	"negative"	"outgroup"	"negative"	0.463669022507622
"8"	"positive"	"ingroup"	"positive"	1.16670716943842
"8"	"negative"	"outgroup"	"negative"	0.420251796313641
"8"	"positive"	"outgroup"	"positive"	0.752906592173141
"8"	"negative"	"outgroup"	"negative"	0.431954414745403
"8"	"positive"	"outgroup"	"positive"	0.577884061893762
"8"	"negative"	"ingroup"	"negative"	0.673507188538414
"8"	"negative"	"outgroup"	"negative"	0.517852653074514
"8"	"positive"	"ingroup"	"positive"	0.405595522142599
"8"	"positive"	"ingroup"	"positive"	0.624543795265861
"8"	"negative"	"ingroup"	"negative"	0.750892874747892
"8"	"negative"	"ingroup"	"negative"	0.859938535419197
"8"	"negative"	"ingroup"	"negative"	0.403430454483904
"8"	"positive"	"outgroup"	"positive"	0.545899588783513
"8"	"negative"	"ingroup"	"negative"	0.875064980888729
"8"	"negative"	"ingroup"	"negative"	0.387634905951508
"8"	"positive"	"ingroup"	"negative"	0.507736585286232
"8"	"negative"	"ingroup"	"positive"	0.379602965403287
"8"	"negative"	"outgroup"	"negative"	0.496466585043397
"8"	"positive"	"outgroup"	"positive"	0.58319278145511
"8"	"positive"	"outgroup"	"negative"	0.486151467042615
"8"	"negative"	"ingroup"	"negative"	0.563781661723163
"8"	"positive"	"ingroup"	"positive"	0.933844263397658
"8"	"positive"	"outgroup"	"positive"	0.603540159044053
"8"	"negative"	"outgroup"	"negative"	0.521206900925258
"8"	"positive"	"ingroup"	"positive"	0.642501424580787
"8"	"negative"	"ingroup"	"positive"	0.444546849669952
"8"	"positive"	"ingroup"	"negative"	0.526457594244817
"8"	"negative"	"ingroup"	"negative"	0.432533398792797
"8"	"negative"	"outgroup"	"negative"	0.368358211941416
"8"	"positive"	"ingroup"	"positive"	0.492444146678073
"8"	"negative"	"ingroup"	"negative"	0.436719906648883
"8"	"negative"	"ingroup"	"negative"	0.68512011134178
"8"	"positive"	"outgroup"	"positive"	0.522739743799501
"8"	"negative"	"outgroup"	"negative"	0.969395492226087
"8"	"positive"	"ingroup"	"negative"	0.632906704939246
"8"	"positive"	"outgroup"	"negative"	0.496602668053795
"8"	"negative"	"ingroup"	"negative"	0.526442504696571
"8"	"negative"	"outgroup"	"negative"	0.555120588510868
"8"	"positive"	"ingroup"	"negative"	0.472778745713888
"8"	"positive"	"ingroup"	"positive"	0.446320702947424
"8"	"positive"	"outgroup"	"negative"	1.06099703669809
"8"	"positive"	"ingroup"	"positive"	0.485834593950729
"8"	"negative"	"outgroup"	"negative"	0.566360678178352
"8"	"positive"	"outgroup"	"positive"	0.45376014239619
"8"	"positive"	"outgroup"	"negative"	0.621811301556993
"8"	"positive"	"outgroup"	"positive"	0.703952372708011
"8"	"positive"	"ingroup"	"positive"	0.590073109880714
"8"	"negative"	"ingroup"	"negative"	0.472496540494304
"8"	"positive"	"outgroup"	"positive"	0.474105308556563
"8"	"positive"	"ingroup"	"positive"	0.476567210360573
"8"	"negative"	"outgroup"	"negative"	0.486132243269658
"8"	"positive"	"ingroup"	"positive"	0.631553194906696
"8"	"negative"	"ingroup"	"negative"	0.482500923827414
"8"	"negative"	"outgroup"	"negative"	0.398480147527214
"8"	"negative"	"ingroup"	"negative"	0.692390529608419
"8"	"negative"	"ingroup"	"positive"	0.470243506351768
"8"	"positive"	"ingroup"	"positive"	0.65116530830084
"8"	"negative"	"ingroup"	"negative"	0.405873516712673
"8"	"negative"	"outgroup"	"negative"	0.412258753305434
"8"	"positive"	"outgroup"	"positive"	0.815628289100083
"8"	"negative"	"ingroup"	"negative"	0.532310464574942
"8"	"negative"	"ingroup"	"positive"	0.466283318934564
"8"	"positive"	"outgroup"	"positive"	0.663469633209913
"8"	"negative"	"outgroup"	"negative"	0.432882240979179
"8"	"positive"	"ingroup"	"negative"	0.473172889316571
"8"	"positive"	"outgroup"	"positive"	0.471689249536255
"8"	"positive"	"ingroup"	"positive"	0.416474047539889
"8"	"positive"	"ingroup"	"positive"	0.504991883716387
"8"	"negative"	"ingroup"	"positive"	0.869246602410647
"8"	"negative"	"outgroup"	"negative"	1.09286250020946
"8"	"positive"	"ingroup"	"positive"	0.973044546056179
"8"	"positive"	"outgroup"	"positive"	0.543100211829087
"8"	"positive"	"outgroup"	"negative"	0.436689814547285
"8"	"negative"	"ingroup"	"negative"	0.698077544799443
"8"	"negative"	"outgroup"	"negative"	0.537115611213764
"8"	"positive"	"ingroup"	"positive"	0.397379115622678
"8"	"positive"	"ingroup"	"negative"	0.48707180067641
"8"	"positive"	"outgroup"	"negative"	0.595471739290345
"8"	"negative"	"outgroup"	"positive"	0.563092538338265
"8"	"negative"	"outgroup"	"negative"	0.449735816643533
"8"	"negative"	"outgroup"	"negative"	0.441355167605542
"8"	"negative"	"ingroup"	"negative"	0.763853678659056
"8"	"positive"	"outgroup"	"positive"	0.881668645197179
"8"	"negative"	"outgroup"	"negative"	0.370439809121385
"8"	"negative"	"ingroup"	"negative"	0.51372431869118
"8"	"negative"	"ingroup"	"positive"	0.392892954536886
"8"	"positive"	"ingroup"	"positive"	0.859138660144259
"8"	"negative"	"ingroup"	"positive"	0.436868788969523
"8"	"negative"	"ingroup"	"negative"	0.460746598123177
"8"	"negative"	"ingroup"	"negative"	0.552695646855023
"8"	"positive"	"ingroup"	"positive"	0.586198579201496
"8"	"positive"	"ingroup"	"positive"	0.491293020196996
"8"	"positive"	"ingroup"	"positive"	0.442536228374841
"8"	"negative"	"outgroup"	"negative"	0.599608972424084
"8"	"positive"	"outgroup"	"positive"	0.776547985317013
"8"	"negative"	"outgroup"	"negative"	0.407043523551532
"8"	"positive"	"outgroup"	"negative"	0.612866712550457
"8"	"negative"	"ingroup"	"positive"	0.39810781306706
"8"	"negative"	"ingroup"	"negative"	0.555993436739805
"8"	"positive"	"ingroup"	"positive"	1.41315727346881
"8"	"positive"	"outgroup"	"negative"	1.47476579502758
"8"	"positive"	"ingroup"	"positive"	0.453298846751806
"8"	"negative"	"outgroup"	"positive"	0.549458497035561
"8"	"positive"	"outgroup"	"positive"	0.451368589609024
"8"	"positive"	"ingroup"	"negative"	0.755816468126887
"8"	"negative"	"ingroup"	"negative"	0.40616149448973
"8"	"positive"	"outgroup"	"negative"	0.73799636836596
"8"	"positive"	"ingroup"	"positive"	1.09141930401381
"8"	"negative"	"ingroup"	"negative"	0.450364463004372
"8"	"negative"	"outgroup"	"negative"	0.424010170194472
"8"	"positive"	"outgroup"	"positive"	0.606852551512827
"8"	"positive"	"outgroup"	"positive"	0.629632018661026
"8"	"negative"	"ingroup"	"negative"	0.610632044705801
"8"	"negative"	"outgroup"	"negative"	0.491562588008805
"8"	"negative"	"ingroup"	"positive"	0.412408816455294
"8"	"negative"	"ingroup"	"negative"	0.517180524175155
"8"	"negative"	"ingroup"	"positive"	0.571887787177727
"8"	"negative"	"ingroup"	"positive"	0.417772815336875
"8"	"negative"	"outgroup"	"negative"	0.57910439730079
"8"	"negative"	"ingroup"	"positive"	0.414100027956945
"8"	"positive"	"outgroup"	"positive"	0.470549974517245
"8"	"positive"	"outgroup"	"positive"	0.73088183621311
"8"	"negative"	"outgroup"	"negative"	0.501813365870571
"8"	"positive"	"outgroup"	"positive"	0.496901798223198
"8"	"negative"	"ingroup"	"negative"	0.480717470677001
"8"	"negative"	"outgroup"	"negative"	0.716085140194282
"8"	"negative"	"ingroup"	"positive"	0.528275682514931
"8"	"negative"	"outgroup"	"negative"	0.477359234885173
"8"	"negative"	"outgroup"	"negative"	0.86910501633827
"8"	"positive"	"outgroup"	"positive"	0.991541630909395
"8"	"negative"	"outgroup"	"negative"	0.625412030353689
"8"	"positive"	"ingroup"	"positive"	0.498026087345955
"8"	"positive"	"outgroup"	"negative"	0.640901853808371
"8"	"positive"	"outgroup"	"negative"	0.395707375310141
"8"	"negative"	"outgroup"	"negative"	0.415856324686856
"8"	"positive"	"outgroup"	"negative"	0.450362890286185
"8"	"positive"	"ingroup"	"positive"	0.478581138008204
"8"	"positive"	"ingroup"	"positive"	0.908791895276767
"8"	"negative"	"ingroup"	"positive"	0.480060861894171
"8"	"positive"	"ingroup"	"positive"	0.499412231367907
"8"	"positive"	"outgroup"	"negative"	0.387449057978216
"8"	"positive"	"ingroup"	"negative"	0.546375114730112
"8"	"negative"	"ingroup"	"negative"	0.573474449943413
"8"	"positive"	"outgroup"	"positive"	0.671778568358267
"8"	"positive"	"outgroup"	"negative"	0.438385871397626
"8"	"negative"	"ingroup"	"negative"	0.4168863245276
"8"	"negative"	"ingroup"	"positive"	0.542232955342057
"8"	"negative"	"ingroup"	"negative"	0.407330466970655
"8"	"negative"	"ingroup"	"negative"	1.22814965204019
"8"	"positive"	"ingroup"	"positive"	0.459889228051512
"8"	"negative"	"ingroup"	"negative"	1.16367078051735
"8"	"negative"	"outgroup"	"negative"	0.437103766278509
"8"	"positive"	"outgroup"	"negative"	0.432327069171259
"8"	"negative"	"ingroup"	"negative"	0.927105751977253
"8"	"negative"	"outgroup"	"negative"	0.491394884998243
"8"	"positive"	"ingroup"	"positive"	0.63958175092463
"8"	"negative"	"ingroup"	"negative"	0.509669868925959
"8"	"positive"	"outgroup"	"negative"	0.388861432714321
"8"	"positive"	"ingroup"	"positive"	0.444477437062544
"8"	"positive"	"outgroup"	"positive"	0.643129098431989
"8"	"positive"	"ingroup"	"positive"	0.411513966804879
"8"	"positive"	"ingroup"	"positive"	0.387958639272489
"8"	"positive"	"ingroup"	"negative"	0.581439879807162
"8"	"positive"	"ingroup"	"positive"	0.372073341916563
"8"	"positive"	"ingroup"	"positive"	0.559005726080724
"8"	"positive"	"ingroup"	"negative"	0.452814985036308
"8"	"negative"	"outgroup"	"positive"	0.585520243446187
"8"	"negative"	"outgroup"	"negative"	0.415304885671651
"8"	"negative"	"outgroup"	"positive"	0.403718554457702
"8"	"positive"	"ingroup"	"positive"	0.62906114062142
"8"	"negative"	"ingroup"	"negative"	0.419881533932917
"8"	"positive"	"ingroup"	"positive"	0.559385501480961
"8"	"negative"	"ingroup"	"negative"	1.16018856272292
"8"	"negative"	"ingroup"	"negative"	0.652208886783956
"8"	"negative"	"outgroup"	"negative"	0.579201521084316
"8"	"positive"	"outgroup"	"positive"	0.947025253045632
"8"	"positive"	"outgroup"	"positive"	0.870640562848894
"8"	"negative"	"ingroup"	"positive"	1.25466085786948
"8"	"positive"	"outgroup"	"positive"	0.479334671628217
"8"	"positive"	"ingroup"	"positive"	0.784589637645467
"8"	"positive"	"ingroup"	"positive"	0.389950743361772
"8"	"negative"	"outgroup"	"positive"	0.412780482254688
"8"	"positive"	"ingroup"	"positive"	0.486457713645599
"8"	"negative"	"ingroup"	"negative"	0.671928762969838
"8"	"positive"	"outgroup"	"negative"	0.444228007194744
"8"	"negative"	"ingroup"	"negative"	0.422183934327618
"8"	"negative"	"outgroup"	"negative"	0.394474374187959
"8"	"negative"	"outgroup"	"negative"	0.797950983463524
"8"	"positive"	"outgroup"	"positive"	0.497161654392041
"8"	"negative"	"outgroup"	"negative"	0.541565681881547
"8"	"positive"	"ingroup"	"positive"	0.37275906211876
"8"	"negative"	"ingroup"	"positive"	0.503648954670931
"8"	"positive"	"outgroup"	"positive"	0.411458847036884
"8"	"positive"	"outgroup"	"negative"	0.366880365517083
"8"	"negative"	"ingroup"	"positive"	0.527852068911373
"8"	"positive"	"ingroup"	"negative"	0.469667572233361
"8"	"positive"	"ingroup"	"positive"	0.498461355474779
"8"	"negative"	"outgroup"	"negative"	0.468260046840405
"8"	"negative"	"outgroup"	"negative"	0.774046697011057
"8"	"negative"	"ingroup"	"negative"	0.697781149223449
"8"	"positive"	"ingroup"	"positive"	0.555218354752198
"8"	"negative"	"ingroup"	"negative"	0.557388340755869
"8"	"positive"	"outgroup"	"positive"	0.464886509057732
"8"	"positive"	"ingroup"	"positive"	0.8732473225857
"8"	"negative"	"outgroup"	"negative"	0.386664596830223
"8"	"negative"	"outgroup"	"negative"	0.611287706045416
"8"	"negative"	"outgroup"	"positive"	0.870047827979053
"8"	"positive"	"outgroup"	"positive"	0.507810277199016
"8"	"positive"	"ingroup"	"positive"	0.780685879602101
"8"	"positive"	"outgroup"	"positive"	0.412798014508825
"8"	"positive"	"outgroup"	"positive"	0.885143724122309
"8"	"negative"	"outgroup"	"negative"	0.39428971486123
"8"	"positive"	"ingroup"	"positive"	0.474484149504244
"8"	"negative"	"outgroup"	"negative"	0.441219664469841
"8"	"positive"	"ingroup"	"positive"	0.536327033858551
"8"	"negative"	"outgroup"	"negative"	0.394194970679141
"8"	"negative"	"outgroup"	"negative"	0.402810474637101
"8"	"positive"	"outgroup"	"negative"	0.387390011014194
"8"	"positive"	"ingroup"	"positive"	0.462809393961982
"8"	"negative"	"outgroup"	"negative"	0.582921760067311
"8"	"negative"	"ingroup"	"negative"	0.589604078329753
"8"	"negative"	"outgroup"	"negative"	0.391832046886456
"8"	"negative"	"ingroup"	"positive"	0.584738351215472
"8"	"negative"	"ingroup"	"positive"	0.741794308412628
"8"	"positive"	"outgroup"	"positive"	0.50743855201107
"8"	"negative"	"ingroup"	"negative"	0.518773805089025
"8"	"positive"	"outgroup"	"positive"	0.443593852058759
"8"	"negative"	"ingroup"	"positive"	0.437974675216618
"8"	"negative"	"ingroup"	"negative"	0.433159761056325
"8"	"positive"	"ingroup"	"positive"	0.428671109312729
"8"	"negative"	"ingroup"	"positive"	0.509993819435546
"8"	"negative"	"outgroup"	"positive"	0.460021012011369
"8"	"negative"	"ingroup"	"negative"	0.939053915384632
"8"	"negative"	"outgroup"	"negative"	0.501493141783861
"8"	"positive"	"outgroup"	"negative"	0.400935531692048
"8"	"positive"	"ingroup"	"positive"	0.395463254611922
"8"	"negative"	"ingroup"	"negative"	0.547684849713177
"8"	"negative"	"ingroup"	"negative"	0.450034871105931
"8"	"negative"	"ingroup"	"positive"	0.534304027441766
"8"	"negative"	"outgroup"	"negative"	0.483867947789004
"8"	"positive"	"ingroup"	"positive"	0.482670488572145
"8"	"positive"	"outgroup"	"negative"	0.397859671615149
"8"	"negative"	"ingroup"	"negative"	0.470824982890858
"8"	"negative"	"ingroup"	"negative"	0.433929028629919
"8"	"negative"	"outgroup"	"negative"	0.446378533411391
"8"	"negative"	"ingroup"	"negative"	0.551320153131598
"8"	"negative"	"outgroup"	"negative"	0.441991976142559
"8"	"negative"	"ingroup"	"positive"	0.602815760623919
"8"	"positive"	"ingroup"	"positive"	0.700384127460801
"8"	"positive"	"ingroup"	"positive"	0.847052923039075
"8"	"positive"	"ingroup"	"positive"	0.428472807362237
"8"	"negative"	"outgroup"	"negative"	0.399129171312009
"9"	"negative"	"ingroup"	"negative"	0.664458239047103
"9"	"negative"	"ingroup"	"positive"	0.439289829898729
"9"	"negative"	"outgroup"	"negative"	0.566666410169592
"9"	"positive"	"outgroup"	"positive"	0.457337121727933
"9"	"positive"	"ingroup"	"positive"	0.441170987350176
"9"	"positive"	"ingroup"	"positive"	0.606869721013495
"9"	"negative"	"outgroup"	"negative"	0.700672517801887
"9"	"positive"	"outgroup"	"positive"	0.47541565709258
"9"	"negative"	"outgroup"	"negative"	0.4923053268053
"9"	"positive"	"outgroup"	"negative"	0.441997174896149
"9"	"positive"	"ingroup"	"positive"	0.47327832450802
"9"	"positive"	"ingroup"	"positive"	0.943915416074813
"9"	"negative"	"ingroup"	"positive"	0.499040768886453
"9"	"negative"	"outgroup"	"negative"	0.410622392653788
"9"	"positive"	"outgroup"	"negative"	0.401728226904617
"9"	"negative"	"ingroup"	"positive"	0.717806837613372
"9"	"negative"	"outgroup"	"positive"	0.476744764236478
"9"	"negative"	"ingroup"	"positive"	0.435971901958055
"9"	"negative"	"outgroup"	"negative"	0.418483846110108
"9"	"positive"	"outgroup"	"negative"	0.595872107530007
"9"	"negative"	"outgroup"	"negative"	0.738004653905119
"9"	"negative"	"ingroup"	"negative"	0.450598931877366
"9"	"positive"	"ingroup"	"positive"	0.474018525195707
"9"	"positive"	"ingroup"	"positive"	0.577918746210859
"9"	"positive"	"ingroup"	"negative"	0.578768325766231
"9"	"positive"	"ingroup"	"positive"	0.487111311541156
"9"	"positive"	"outgroup"	"positive"	0.45906105426535
"9"	"negative"	"ingroup"	"positive"	0.528849670025436
"9"	"positive"	"ingroup"	"positive"	0.552607131300361
"9"	"positive"	"outgroup"	"negative"	0.469129841488186
"9"	"positive"	"ingroup"	"negative"	0.50655179654979
"9"	"negative"	"outgroup"	"negative"	0.506479101510913
"9"	"positive"	"ingroup"	"positive"	0.65468570647148
"9"	"positive"	"outgroup"	"negative"	0.472171625135976
"9"	"positive"	"outgroup"	"positive"	0.896865523001411
"9"	"positive"	"ingroup"	"positive"	0.466630978250832
"9"	"negative"	"ingroup"	"negative"	0.488616207849413
"9"	"negative"	"ingroup"	"positive"	0.710874615222178
"9"	"negative"	"ingroup"	"negative"	0.805936660320698
"9"	"positive"	"ingroup"	"positive"	0.511026711286691
"9"	"positive"	"ingroup"	"positive"	0.47404978531624
"9"	"positive"	"ingroup"	"positive"	0.463752329660766
"9"	"negative"	"ingroup"	"negative"	0.872756255704526
"9"	"positive"	"ingroup"	"positive"	1.1120216025373
"9"	"negative"	"ingroup"	"negative"	0.608680526633708
"9"	"positive"	"ingroup"	"positive"	1.33047897427745
"9"	"negative"	"ingroup"	"positive"	0.518108854176342
"9"	"positive"	"outgroup"	"positive"	0.716722595477514
"9"	"negative"	"ingroup"	"positive"	0.430943683845185
"9"	"positive"	"ingroup"	"positive"	0.526954842080269
"9"	"positive"	"ingroup"	"positive"	0.498117085597004
"9"	"negative"	"ingroup"	"negative"	0.552459063304803
"9"	"negative"	"outgroup"	"negative"	0.521603272942027
"9"	"negative"	"ingroup"	"negative"	0.692854228785796
"9"	"negative"	"outgroup"	"negative"	0.526686712521427
"9"	"negative"	"ingroup"	"positive"	0.546935615226998
"9"	"negative"	"outgroup"	"negative"	0.648471986366524
"9"	"negative"	"ingroup"	"negative"	1.33899397992669
"9"	"positive"	"ingroup"	"negative"	0.54771330518172
"9"	"positive"	"ingroup"	"positive"	0.471182894726505
"9"	"negative"	"outgroup"	"negative"	0.797847551203583
"9"	"positive"	"ingroup"	"positive"	0.435553486073575
"9"	"negative"	"outgroup"	"positive"	0.582920934627137
"9"	"positive"	"ingroup"	"positive"	0.594465105967268
"9"	"negative"	"outgroup"	"negative"	0.567937886214598
"9"	"positive"	"ingroup"	"negative"	0.64337495040296
"9"	"positive"	"ingroup"	"positive"	0.479750311988464
"9"	"positive"	"ingroup"	"positive"	0.705145735360694
"9"	"negative"	"outgroup"	"negative"	0.489483500014518
"9"	"negative"	"outgroup"	"negative"	0.550531490481366
"9"	"negative"	"outgroup"	"negative"	0.417881849359035
"9"	"positive"	"ingroup"	"positive"	0.436278214876973
"9"	"negative"	"ingroup"	"negative"	0.493623081199575
"9"	"negative"	"ingroup"	"negative"	0.507046925397882
"9"	"positive"	"ingroup"	"positive"	0.424893199347185
"9"	"negative"	"ingroup"	"negative"	0.481147399947124
"9"	"negative"	"ingroup"	"positive"	0.758601839649433
"9"	"negative"	"outgroup"	"negative"	0.488245838137896
"9"	"negative"	"outgroup"	"negative"	0.535222006203183
"9"	"negative"	"outgroup"	"negative"	0.586881837558239
"9"	"negative"	"ingroup"	"negative"	0.700426510597499
"9"	"negative"	"ingroup"	"negative"	0.50750761787066
"9"	"positive"	"ingroup"	"negative"	0.527724971931399
"9"	"negative"	"outgroup"	"negative"	0.432974929497959
"9"	"negative"	"outgroup"	"negative"	0.678346093767622
"9"	"positive"	"outgroup"	"negative"	0.538741785517109
"9"	"positive"	"ingroup"	"positive"	0.427292670929415
"9"	"positive"	"ingroup"	"positive"	1.3345039811824
"9"	"negative"	"ingroup"	"negative"	0.487999108188079
"9"	"negative"	"ingroup"	"positive"	0.644495714354076
"9"	"positive"	"ingroup"	"negative"	0.529064705492367
"9"	"negative"	"ingroup"	"negative"	0.611962730090018
"9"	"positive"	"outgroup"	"positive"	0.487643700969355
"9"	"positive"	"outgroup"	"positive"	0.618093034859293
"9"	"positive"	"outgroup"	"positive"	0.460067157441158
"9"	"positive"	"outgroup"	"positive"	0.598568625587134
"9"	"negative"	"outgroup"	"negative"	0.502999558737756
"9"	"positive"	"outgroup"	"positive"	0.765969909250029
"9"	"negative"	"ingroup"	"negative"	0.483636362774614
"9"	"negative"	"outgroup"	"negative"	0.732285949036334
"9"	"positive"	"outgroup"	"negative"	0.425486212805954
"9"	"negative"	"ingroup"	"positive"	0.436353156900238
"9"	"positive"	"ingroup"	"positive"	0.437177990652619
"9"	"negative"	"outgroup"	"negative"	0.569575426712699
"9"	"positive"	"ingroup"	"positive"	0.571169980408517
"9"	"negative"	"ingroup"	"positive"	0.488477125584795
"9"	"positive"	"outgroup"	"negative"	0.556001982005729
"9"	"positive"	"outgroup"	"negative"	0.489982487053169
"9"	"negative"	"ingroup"	"negative"	0.48076150449657
"9"	"negative"	"outgroup"	"negative"	0.476336318564026
"9"	"positive"	"ingroup"	"positive"	0.510224092040314
"9"	"negative"	"ingroup"	"positive"	0.465386676619989
"9"	"positive"	"outgroup"	"negative"	1.08217917501414
"9"	"negative"	"outgroup"	"positive"	0.803177258454516
"9"	"negative"	"outgroup"	"negative"	0.468441891815415
"9"	"negative"	"ingroup"	"positive"	0.89109041658496
"9"	"positive"	"ingroup"	"positive"	0.532920250251391
"9"	"negative"	"ingroup"	"negative"	0.47032313349239
"9"	"positive"	"ingroup"	"positive"	0.623266590199056
"9"	"negative"	"ingroup"	"negative"	0.761146750328787
"9"	"negative"	"ingroup"	"negative"	0.897287866620472
"9"	"positive"	"outgroup"	"positive"	1.07483286107172
"9"	"positive"	"outgroup"	"positive"	0.531232297512351
"9"	"positive"	"outgroup"	"negative"	0.581804434427398
"9"	"negative"	"outgroup"	"negative"	0.533713002791313
"9"	"positive"	"ingroup"	"positive"	0.724347982908721
"9"	"negative"	"ingroup"	"negative"	0.735078072891636
"9"	"positive"	"outgroup"	"negative"	0.429784782612726
"9"	"positive"	"ingroup"	"positive"	0.436495586563124
"9"	"positive"	"ingroup"	"positive"	0.570805686581159
"9"	"negative"	"ingroup"	"positive"	0.563108397958826
"9"	"positive"	"outgroup"	"negative"	0.453251868358883
"9"	"negative"	"outgroup"	"negative"	0.428554978965346
"9"	"negative"	"outgroup"	"negative"	1.02596859976958
"9"	"positive"	"outgroup"	"negative"	0.420528718832189
"9"	"negative"	"ingroup"	"negative"	0.516489356128284
"9"	"positive"	"outgroup"	"negative"	0.708357337203856
"9"	"negative"	"outgroup"	"positive"	0.661835085460633
"9"	"positive"	"outgroup"	"negative"	0.473986077105609
"9"	"negative"	"outgroup"	"negative"	0.452414095718993
"9"	"negative"	"ingroup"	"negative"	0.429340597983167
"9"	"positive"	"outgroup"	"positive"	0.809381570934628
"9"	"negative"	"ingroup"	"negative"	0.590118350847705
"9"	"negative"	"outgroup"	"negative"	0.442278498774786
"9"	"negative"	"outgroup"	"negative"	0.442227951597152
"9"	"positive"	"ingroup"	"positive"	0.562998802497153
"9"	"negative"	"ingroup"	"negative"	0.534530883860742
"9"	"negative"	"outgroup"	"positive"	1.1350271629093
"9"	"positive"	"outgroup"	"negative"	1.23679092302831
"9"	"negative"	"ingroup"	"positive"	0.455223334403878
"9"	"negative"	"ingroup"	"positive"	0.573908337584995
"9"	"positive"	"outgroup"	"positive"	0.442902302991025
"9"	"negative"	"ingroup"	"negative"	0.717432636431214
"9"	"positive"	"ingroup"	"negative"	0.502578294350587
"9"	"positive"	"outgroup"	"positive"	0.635652204914757
"9"	"negative"	"ingroup"	"positive"	0.704732093996941
"9"	"negative"	"outgroup"	"negative"	0.509606280550935
"9"	"negative"	"outgroup"	"negative"	0.453199622235084
"9"	"negative"	"outgroup"	"negative"	0.649460955093341
"9"	"negative"	"ingroup"	"negative"	0.618972521406051
"9"	"negative"	"ingroup"	"positive"	0.674833509409725
"9"	"positive"	"ingroup"	"positive"	0.410473397922042
"9"	"positive"	"ingroup"	"positive"	0.450255904850806
"9"	"negative"	"outgroup"	"negative"	0.47868489354686
"9"	"positive"	"outgroup"	"negative"	0.443008194920862
"9"	"positive"	"outgroup"	"positive"	0.561589451900158
"9"	"negative"	"ingroup"	"positive"	0.439992422697885
"9"	"positive"	"ingroup"	"negative"	0.54654164894288
"9"	"positive"	"outgroup"	"positive"	0.457906606875333
"9"	"negative"	"ingroup"	"positive"	0.45159333216043
"9"	"positive"	"ingroup"	"positive"	0.418966895710446
"9"	"negative"	"ingroup"	"positive"	0.865890558028103
"9"	"negative"	"outgroup"	"negative"	0.425842050803665
"9"	"positive"	"outgroup"	"positive"	0.776192874591356
"9"	"positive"	"outgroup"	"negative"	0.447194327910868
"9"	"positive"	"outgroup"	"positive"	1.5284254922245
"9"	"positive"	"outgroup"	"positive"	0.907422356028463
"9"	"positive"	"ingroup"	"positive"	0.566522153408188
"9"	"negative"	"outgroup"	"positive"	0.756852216803648
"9"	"positive"	"ingroup"	"negative"	0.521190146169731
"9"	"positive"	"outgroup"	"negative"	0.435827490144323
"9"	"negative"	"ingroup"	"positive"	0.649262285696928
"9"	"positive"	"ingroup"	"positive"	0.447716869412357
"9"	"positive"	"outgroup"	"negative"	0.418494832693062
"9"	"positive"	"outgroup"	"positive"	0.479535651313708
"9"	"negative"	"outgroup"	"positive"	0.74724618396233
"9"	"negative"	"ingroup"	"negative"	0.515074019219982
"9"	"positive"	"ingroup"	"positive"	0.582265058679979
"9"	"positive"	"outgroup"	"negative"	0.685252406322994
"9"	"negative"	"ingroup"	"positive"	0.425866083211073
"9"	"negative"	"outgroup"	"negative"	0.407535556107475
"9"	"negative"	"outgroup"	"negative"	0.466775168875101
"9"	"negative"	"ingroup"	"positive"	0.430117938678235
"9"	"negative"	"outgroup"	"negative"	0.427599054614695
"9"	"negative"	"ingroup"	"negative"	0.808548601134149
"9"	"negative"	"outgroup"	"negative"	0.460583642872634
"9"	"positive"	"outgroup"	"negative"	0.407336740369442
"9"	"positive"	"outgroup"	"negative"	0.436350113733044
"9"	"negative"	"ingroup"	"negative"	0.492100481529934
"9"	"positive"	"outgroup"	"negative"	0.432441283604942
"9"	"negative"	"ingroup"	"positive"	0.467830413950662
"9"	"negative"	"ingroup"	"negative"	0.547489829001686
"9"	"negative"	"ingroup"	"positive"	0.436884961705239
"9"	"positive"	"outgroup"	"positive"	0.791318084285096
"9"	"positive"	"outgroup"	"positive"	0.513093829516886
"9"	"negative"	"outgroup"	"negative"	0.490107781680834
"9"	"positive"	"outgroup"	"positive"	0.757840513448032
"9"	"negative"	"outgroup"	"negative"	0.991827709038803
"9"	"positive"	"outgroup"	"positive"	0.598726060091487
"9"	"negative"	"outgroup"	"negative"	0.507835068563526
"9"	"negative"	"outgroup"	"negative"	0.443961598448356
"9"	"negative"	"ingroup"	"positive"	0.476734477247516
"9"	"positive"	"outgroup"	"negative"	0.5002660621328
"9"	"positive"	"outgroup"	"positive"	0.475151006717157
"9"	"positive"	"ingroup"	"positive"	0.445819553305173
"9"	"negative"	"ingroup"	"positive"	0.502572087530649
"9"	"negative"	"ingroup"	"positive"	0.778262860652687
"9"	"positive"	"outgroup"	"positive"	0.448134677604962
"9"	"negative"	"outgroup"	"negative"	0.793341087247304
"9"	"positive"	"outgroup"	"positive"	0.676560255320277
"9"	"positive"	"outgroup"	"positive"	0.49023156486981
"9"	"positive"	"ingroup"	"positive"	1.02677654962994
"9"	"negative"	"outgroup"	"negative"	1.32884202100728
"9"	"positive"	"outgroup"	"negative"	0.402588084154916
"9"	"positive"	"ingroup"	"positive"	0.496404759160226
"9"	"negative"	"ingroup"	"negative"	0.460856101309766
"9"	"positive"	"outgroup"	"positive"	0.660107238943745
"9"	"negative"	"ingroup"	"negative"	0.504317457936182
"9"	"positive"	"outgroup"	"positive"	0.53162229569209
"9"	"positive"	"ingroup"	"positive"	0.479879581688615
"9"	"positive"	"outgroup"	"positive"	0.569462936179198
"9"	"positive"	"outgroup"	"negative"	0.524591073619592
"9"	"negative"	"outgroup"	"negative"	0.507361130646343
"9"	"positive"	"outgroup"	"positive"	0.551752866705562
"9"	"negative"	"ingroup"	"negative"	0.62839594771615
"9"	"positive"	"outgroup"	"negative"	0.528323310388666
"9"	"negative"	"outgroup"	"positive"	0.642549665660082
"9"	"positive"	"outgroup"	"negative"	0.556788994942099
"9"	"positive"	"ingroup"	"positive"	0.42395458797248
"9"	"negative"	"outgroup"	"negative"	0.656521566195283
"9"	"negative"	"outgroup"	"positive"	0.543207047117128
"9"	"positive"	"outgroup"	"positive"	0.540588153299132
"9"	"positive"	"outgroup"	"negative"	0.503078158570464
"9"	"positive"	"outgroup"	"negative"	0.486894681385631
"9"	"positive"	"ingroup"	"positive"	0.661761595551628
"9"	"negative"	"ingroup"	"positive"	0.679896661059904
"9"	"positive"	"outgroup"	"negative"	0.740551259702497
"9"	"negative"	"outgroup"	"negative"	0.445480227066666
"9"	"negative"	"outgroup"	"negative"	0.434430443672964
"9"	"positive"	"outgroup"	"negative"	0.674290864462731
"9"	"negative"	"outgroup"	"positive"	0.504711005951027
"9"	"positive"	"outgroup"	"negative"	0.628843490371389
"9"	"positive"	"outgroup"	"positive"	0.599746733560303
"9"	"positive"	"outgroup"	"negative"	0.687114068035247
"9"	"negative"	"outgroup"	"negative"	0.459715476284965
"9"	"negative"	"ingroup"	"positive"	0.48001361010868
"9"	"positive"	"ingroup"	"positive"	0.673438080475815
"9"	"negative"	"ingroup"	"positive"	0.468292543096194
"9"	"positive"	"ingroup"	"positive"	1.15847592553879
"9"	"positive"	"outgroup"	"negative"	0.610038315881271
"9"	"positive"	"ingroup"	"positive"	0.561229003596227
"9"	"negative"	"outgroup"	"positive"	0.517335587839908
"9"	"negative"	"outgroup"	"negative"	0.433640915019854
"9"	"negative"	"outgroup"	"positive"	0.69338206219205
"9"	"negative"	"outgroup"	"negative"	0.52259653092099
"9"	"positive"	"ingroup"	"positive"	0.663543421275294
"9"	"positive"	"outgroup"	"negative"	0.471714289975343
"9"	"negative"	"ingroup"	"positive"	0.598485457822194
"9"	"negative"	"outgroup"	"positive"	0.637703293912743
"9"	"positive"	"ingroup"	"positive"	0.415877438899695
"9"	"negative"	"outgroup"	"negative"	0.654143571714692
"9"	"negative"	"outgroup"	"positive"	0.665289206542926
"9"	"positive"	"outgroup"	"positive"	1.15591948702181
"9"	"negative"	"outgroup"	"positive"	0.486571648393343
"9"	"negative"	"ingroup"	"positive"	0.507299906534098
"9"	"negative"	"outgroup"	"negative"	0.413864308821699
"9"	"negative"	"ingroup"	"negative"	0.486554982662795
"9"	"negative"	"ingroup"	"negative"	0.577939922549771
"9"	"negative"	"ingroup"	"negative"	0.522160778156902
"9"	"negative"	"outgroup"	"negative"	0.677387169000063
"9"	"negative"	"outgroup"	"negative"	0.427869215280868
"9"	"negative"	"ingroup"	"positive"	0.483839581086064
"9"	"negative"	"outgroup"	"negative"	0.621964393122677
"9"	"negative"	"ingroup"	"positive"	0.967048770688596
"9"	"positive"	"outgroup"	"positive"	0.651727851683927
"9"	"positive"	"ingroup"	"positive"	0.423907845700446
"9"	"positive"	"outgroup"	"negative"	0.545531626234851
"9"	"negative"	"ingroup"	"positive"	0.53103350744517
"9"	"negative"	"outgroup"	"positive"	0.542016324542012
"9"	"positive"	"ingroup"	"positive"	0.451622312868603
"9"	"positive"	"ingroup"	"positive"	0.577899198360112
"9"	"negative"	"outgroup"	"negative"	0.50603311231428
"9"	"positive"	"outgroup"	"negative"	0.428233329206296
"9"	"positive"	"outgroup"	"positive"	0.541491009521442
"9"	"negative"	"ingroup"	"positive"	0.494137343985498
"9"	"positive"	"ingroup"	"positive"	0.460254194523441
"9"	"negative"	"outgroup"	"negative"	0.395678975442158
"9"	"negative"	"ingroup"	"positive"	0.717771808194108
"9"	"negative"	"outgroup"	"negative"	0.479449632549697
"9"	"positive"	"outgroup"	"positive"	0.769142025983165
"9"	"negative"	"outgroup"	"positive"	0.527015039628248
"9"	"negative"	"outgroup"	"negative"	0.548740613585883
"9"	"positive"	"ingroup"	"positive"	0.529527781981062
"9"	"negative"	"outgroup"	"negative"	0.426009402829392
"9"	"positive"	"outgroup"	"negative"	0.820729608853639
"9"	"negative"	"ingroup"	"negative"	0.687680366870668
"9"	"negative"	"outgroup"	"negative"	0.418314477887728
"9"	"positive"	"ingroup"	"negative"	0.465116321196097
"9"	"negative"	"ingroup"	"positive"	0.501104319989355
"9"	"positive"	"outgroup"	"negative"	0.442426295842855
"9"	"negative"	"ingroup"	"positive"	0.653291341988244
"9"	"positive"	"ingroup"	"negative"	0.530235734625196
"9"	"negative"	"outgroup"	"positive"	0.597916311350058
"9"	"positive"	"outgroup"	"negative"	0.718271807704862
"9"	"positive"	"outgroup"	"positive"	1.0565197716383
"9"	"positive"	"ingroup"	"positive"	0.46881543513862
"9"	"positive"	"outgroup"	"negative"	0.49312191681787
"9"	"positive"	"ingroup"	"positive"	0.721516576697746
"9"	"positive"	"ingroup"	"positive"	0.734746616491621
"9"	"positive"	"ingroup"	"positive"	0.659984125953021
"9"	"negative"	"ingroup"	"positive"	0.527517238239172
"9"	"positive"	"outgroup"	"negative"	0.394902142697128
"9"	"positive"	"outgroup"	"positive"	0.548909248243315
"9"	"negative"	"ingroup"	"positive"	0.579574096655544
"9"	"positive"	"ingroup"	"positive"	1.1208703380302
"9"	"positive"	"outgroup"	"positive"	0.887833133789558
"9"	"negative"	"ingroup"	"positive"	0.736768029326539
"9"	"positive"	"ingroup"	"positive"	0.689165789977861
"9"	"positive"	"outgroup"	"negative"	0.497253942156099
"9"	"positive"	"outgroup"	"negative"	0.681660968917976
"9"	"positive"	"ingroup"	"positive"	0.745591654367132
"9"	"positive"	"ingroup"	"negative"	0.612954116157191
"9"	"negative"	"outgroup"	"positive"	0.54722627666924
"9"	"positive"	"outgroup"	"negative"	0.445269132569142
"9"	"negative"	"outgroup"	"positive"	0.493624377552899
"9"	"negative"	"outgroup"	"negative"	0.530280185505161
"9"	"negative"	"ingroup"	"negative"	1.24113897447593
"9"	"negative"	"ingroup"	"negative"	0.581866472047298
"9"	"positive"	"ingroup"	"positive"	0.585710717704065
"9"	"negative"	"outgroup"	"positive"	0.663942039189559
"9"	"negative"	"ingroup"	"negative"	0.948638392785101
"9"	"positive"	"ingroup"	"positive"	0.439913684428404
"9"	"positive"	"outgroup"	"positive"	0.619076091266723
"9"	"positive"	"ingroup"	"positive"	0.533074314358984
"9"	"negative"	"ingroup"	"negative"	0.439359640957686
"9"	"negative"	"outgroup"	"negative"	0.488104927040093
"9"	"negative"	"ingroup"	"negative"	0.55444913312192
"9"	"negative"	"ingroup"	"positive"	0.50016785970672
"9"	"positive"	"ingroup"	"positive"	0.83376531507918
"9"	"negative"	"outgroup"	"positive"	0.562661140164572
"9"	"negative"	"ingroup"	"negative"	0.626057364271371
"9"	"negative"	"outgroup"	"negative"	0.795541984746577
"9"	"negative"	"outgroup"	"negative"	0.636871877313294
"9"	"negative"	"outgroup"	"negative"	0.662840826470452
"9"	"negative"	"outgroup"	"positive"	0.521789874255295
"9"	"negative"	"ingroup"	"negative"	0.601778140543528
"9"	"negative"	"ingroup"	"positive"	0.530643379509141
"9"	"positive"	"ingroup"	"positive"	0.44008096065368
"9"	"positive"	"ingroup"	"positive"	0.504665685398692
"9"	"positive"	"ingroup"	"positive"	0.519580639810909
"9"	"negative"	"outgroup"	"positive"	0.543971233000168
"9"	"negative"	"ingroup"	"positive"	0.415908799759649
"9"	"negative"	"outgroup"	"negative"	0.998657193331983
"9"	"negative"	"outgroup"	"positive"	0.752824405550618
"9"	"positive"	"outgroup"	"positive"	0.550436041787924
"9"	"negative"	"outgroup"	"negative"	0.638499910815188
"9"	"positive"	"ingroup"	"negative"	0.616018756564577
"9"	"positive"	"ingroup"	"positive"	0.727601821058139
"9"	"positive"	"outgroup"	"positive"	0.458367774933027
"9"	"positive"	"outgroup"	"positive"	0.812917198813728
"9"	"negative"	"ingroup"	"positive"	0.4313333397967
"9"	"negative"	"ingroup"	"positive"	0.702690099695845
"9"	"negative"	"ingroup"	"positive"	0.582944468106489
"9"	"positive"	"ingroup"	"positive"	0.465901978933128
"9"	"positive"	"ingroup"	"positive"	0.466506283375992
"9"	"negative"	"ingroup"	"positive"	0.542127745922671
"9"	"positive"	"ingroup"	"negative"	0.517586560479084
"9"	"negative"	"outgroup"	"negative"	0.551393153999215
"9"	"negative"	"outgroup"	"positive"	0.630864693208527
"9"	"negative"	"ingroup"	"negative"	0.592713015727911
"9"	"positive"	"outgroup"	"positive"	0.729762161241881
"9"	"positive"	"ingroup"	"positive"	0.733833884281611
"9"	"positive"	"outgroup"	"negative"	0.421588987179986
"9"	"positive"	"outgroup"	"negative"	0.568349385085107
"9"	"positive"	"outgroup"	"positive"	0.477751981984328
"9"	"negative"	"ingroup"	"negative"	1.34038739411442
"9"	"positive"	"ingroup"	"positive"	0.438175135770421
"9"	"negative"	"outgroup"	"negative"	0.462764770603501
"9"	"positive"	"outgroup"	"negative"	0.532126516958167
"9"	"negative"	"outgroup"	"negative"	0.638739841662979
"9"	"positive"	"outgroup"	"negative"	0.686075458679742
"9"	"negative"	"ingroup"	"positive"	0.453470446123804
"9"	"negative"	"outgroup"	"negative"	0.444029414319005
"9"	"positive"	"ingroup"	"positive"	0.531312530198988
"9"	"positive"	"ingroup"	"positive"	0.711909195164464
"9"	"negative"	"ingroup"	"negative"	0.582878567195113
"9"	"positive"	"ingroup"	"positive"	0.540612840995594
"9"	"positive"	"ingroup"	"negative"	0.502629511782904
"9"	"positive"	"ingroup"	"positive"	0.539508679523977
"9"	"negative"	"outgroup"	"negative"	0.473426746740206
"9"	"negative"	"outgroup"	"negative"	0.427271950511273
"9"	"positive"	"ingroup"	"negative"	0.779620723944827
"9"	"positive"	"ingroup"	"positive"	0.449087211171119
"9"	"positive"	"outgroup"	"positive"	0.703256561313282
"9"	"positive"	"ingroup"	"positive"	0.415998909561044
"9"	"positive"	"outgroup"	"negative"	0.407154632864939
"9"	"positive"	"ingroup"	"positive"	0.510109764031621
"9"	"negative"	"ingroup"	"negative"	0.609433435243467
"9"	"negative"	"ingroup"	"negative"	0.528287235850969
"9"	"positive"	"ingroup"	"positive"	0.447604687871328
"9"	"negative"	"outgroup"	"negative"	0.427725023310522
"9"	"negative"	"ingroup"	"negative"	0.740668265820841
"9"	"negative"	"outgroup"	"negative"	0.416716962125529
"9"	"positive"	"outgroup"	"positive"	0.473442929029073
"9"	"negative"	"ingroup"	"positive"	0.521295341944606
"9"	"positive"	"ingroup"	"positive"	0.725831591361518
"9"	"positive"	"outgroup"	"positive"	0.488447194016581
"9"	"negative"	"outgroup"	"negative"	0.524501994568311
"9"	"negative"	"ingroup"	"negative"	0.52294815516018
"9"	"positive"	"ingroup"	"positive"	0.417776545613063
"9"	"positive"	"outgroup"	"positive"	0.628998069153118
"9"	"positive"	"outgroup"	"positive"	0.482480015944124
"9"	"negative"	"ingroup"	"negative"	1.03717256119381
"9"	"positive"	"ingroup"	"negative"	0.414349682780487
"9"	"negative"	"outgroup"	"negative"	0.695531368709165
"9"	"positive"	"ingroup"	"positive"	1.05301216833832
"9"	"positive"	"outgroup"	"negative"	0.421590100314783
"9"	"positive"	"ingroup"	"positive"	0.506114396086555
"9"	"negative"	"ingroup"	"positive"	1.31994422643325
"9"	"positive"	"ingroup"	"negative"	0.970050223067737
"9"	"positive"	"outgroup"	"positive"	0.480659163939144
"9"	"negative"	"outgroup"	"positive"	0.690489613667906
"9"	"negative"	"ingroup"	"negative"	0.450840177534299
"9"	"negative"	"ingroup"	"negative"	0.643436760954114
"9"	"positive"	"ingroup"	"positive"	0.540460441584212
"9"	"positive"	"ingroup"	"positive"	0.460270324684191
"9"	"negative"	"outgroup"	"negative"	0.425630070447953
"9"	"positive"	"outgroup"	"positive"	0.685940353131206
"9"	"negative"	"outgroup"	"negative"	0.78924967313825
"9"	"positive"	"ingroup"	"positive"	1.05720398981823
"9"	"positive"	"outgroup"	"positive"	0.624270864756114
"9"	"positive"	"ingroup"	"positive"	0.656663873342647
"9"	"positive"	"ingroup"	"positive"	0.507015723148609
"9"	"positive"	"outgroup"	"positive"	0.791686131314459
"9"	"positive"	"ingroup"	"positive"	0.562541329961453
"9"	"negative"	"outgroup"	"positive"	0.444349455247122
"9"	"positive"	"outgroup"	"positive"	0.681604533077482
"9"	"positive"	"ingroup"	"positive"	0.868071070572391
"9"	"negative"	"outgroup"	"negative"	0.437499983123752
"9"	"negative"	"outgroup"	"negative"	0.624152326250044
"9"	"positive"	"outgroup"	"positive"	0.962581063522321
"9"	"negative"	"outgroup"	"positive"	0.49684293643222
"9"	"negative"	"ingroup"	"positive"	0.42565436305611
"9"	"positive"	"ingroup"	"positive"	0.645864692156656
"9"	"negative"	"ingroup"	"negative"	0.485956069216717
"9"	"positive"	"outgroup"	"positive"	0.861209623698506
"9"	"positive"	"outgroup"	"positive"	0.692206460497463
"9"	"positive"	"ingroup"	"positive"	1.01980797823969
"9"	"negative"	"ingroup"	"positive"	0.437917883776384
"9"	"negative"	"outgroup"	"negative"	1.03335989300019
"10"	"positive"	"ingroup"	"negative"	0.52057595207079
"10"	"negative"	"ingroup"	"negative"	0.81422655847387
"10"	"positive"	"ingroup"	"positive"	0.392053220155817
"10"	"negative"	"outgroup"	"positive"	0.683875414399898
"10"	"negative"	"outgroup"	"negative"	0.516337756345236
"10"	"negative"	"ingroup"	"negative"	0.729634268691591
"10"	"negative"	"outgroup"	"negative"	0.385432639588951
"10"	"negative"	"ingroup"	"positive"	0.535225593405235
"10"	"positive"	"outgroup"	"negative"	0.495413401410397
"10"	"negative"	"ingroup"	"negative"	0.825923395751986
"10"	"negative"	"outgroup"	"negative"	0.396381238454385
"10"	"positive"	"outgroup"	"positive"	0.738921577177384
"10"	"positive"	"outgroup"	"positive"	0.76555263793428
"10"	"negative"	"ingroup"	"positive"	0.395507442651542
"10"	"negative"	"outgroup"	"positive"	0.656256054180157
"10"	"positive"	"outgroup"	"positive"	0.712496715829304
"10"	"negative"	"ingroup"	"negative"	0.628913593515266
"10"	"negative"	"ingroup"	"positive"	0.426857084385607
"10"	"negative"	"outgroup"	"positive"	1.03871618054244
"10"	"negative"	"ingroup"	"negative"	0.931996747059675
"10"	"positive"	"ingroup"	"positive"	0.447611761417471
"10"	"positive"	"outgroup"	"positive"	0.793583222124271
"10"	"positive"	"ingroup"	"positive"	0.656140437827168
"10"	"positive"	"outgroup"	"positive"	0.661430987517918
"10"	"negative"	"ingroup"	"negative"	0.586263236941581
"10"	"positive"	"ingroup"	"positive"	0.386113575871648
"10"	"negative"	"outgroup"	"negative"	0.403828091653353
"10"	"negative"	"outgroup"	"negative"	0.739802498624243
"10"	"positive"	"outgroup"	"negative"	0.448733799538275
"10"	"negative"	"ingroup"	"positive"	0.566397826585242
"10"	"positive"	"outgroup"	"negative"	0.525628783581403
"10"	"negative"	"ingroup"	"negative"	0.388638829591268
"10"	"positive"	"outgroup"	"positive"	0.664129237814122
"10"	"negative"	"outgroup"	"negative"	0.425607441209247
"10"	"positive"	"outgroup"	"positive"	0.424004100212282
"10"	"positive"	"outgroup"	"negative"	0.470040089705806
"10"	"positive"	"outgroup"	"positive"	0.401098548451357
"10"	"positive"	"outgroup"	"positive"	0.547750358990238
"10"	"positive"	"outgroup"	"positive"	0.983935778932213
"10"	"negative"	"outgroup"	"negative"	0.496465648080597
"10"	"positive"	"ingroup"	"positive"	0.450701686174321
"10"	"positive"	"ingroup"	"positive"	0.472248852492838
"10"	"positive"	"outgroup"	"positive"	0.432131337282911
"10"	"negative"	"ingroup"	"negative"	0.996074505589125
"10"	"positive"	"ingroup"	"positive"	0.704019025056357
"10"	"positive"	"outgroup"	"negative"	0.510219957327508
"10"	"negative"	"ingroup"	"positive"	0.561287008032585
"10"	"positive"	"ingroup"	"positive"	0.925867434610844
"10"	"positive"	"outgroup"	"positive"	0.405168439884936
"10"	"negative"	"outgroup"	"positive"	1.17362330683699
"10"	"negative"	"outgroup"	"negative"	0.499253490040164
"10"	"negative"	"ingroup"	"positive"	0.474667491670994
"10"	"negative"	"outgroup"	"positive"	0.566004226394341
"10"	"positive"	"outgroup"	"positive"	0.498868436061557
"10"	"negative"	"ingroup"	"positive"	0.425029394233279
"10"	"positive"	"outgroup"	"positive"	0.490696610015693
"10"	"positive"	"ingroup"	"positive"	0.388376538846441
"10"	"negative"	"ingroup"	"negative"	0.590163851552993
"10"	"negative"	"ingroup"	"negative"	0.532624993299066
"10"	"positive"	"outgroup"	"positive"	0.632697584948227
"10"	"negative"	"outgroup"	"negative"	0.457395656161063
"10"	"negative"	"outgroup"	"negative"	0.394803595826823
"10"	"positive"	"outgroup"	"negative"	0.417904606406354
"10"	"negative"	"ingroup"	"negative"	0.568413229799299
"10"	"negative"	"ingroup"	"positive"	0.407830178189536
"10"	"positive"	"ingroup"	"positive"	0.739215402002745
"10"	"positive"	"outgroup"	"positive"	0.734445763190072
"10"	"negative"	"ingroup"	"negative"	0.465992414516939
"10"	"positive"	"outgroup"	"positive"	0.561123387173369
"10"	"positive"	"outgroup"	"positive"	0.446182964748859
"10"	"positive"	"outgroup"	"negative"	0.652404278146036
"10"	"positive"	"ingroup"	"positive"	0.606374771937464
"10"	"positive"	"outgroup"	"positive"	0.669961755170351
"10"	"negative"	"outgroup"	"negative"	0.435594536157122
"10"	"negative"	"ingroup"	"negative"	0.516964998725304
"10"	"negative"	"ingroup"	"negative"	0.430758359558777
"10"	"negative"	"outgroup"	"negative"	0.432694596928888
"10"	"negative"	"outgroup"	"negative"	0.53554706845685
"10"	"negative"	"ingroup"	"positive"	0.58369769719944
"10"	"positive"	"ingroup"	"positive"	0.435751736220391
"10"	"positive"	"outgroup"	"positive"	0.854496853312086
"10"	"negative"	"ingroup"	"positive"	0.434159756721078
"10"	"positive"	"outgroup"	"positive"	0.699476503182278
"10"	"negative"	"outgroup"	"negative"	0.62052497434091
"10"	"positive"	"ingroup"	"positive"	0.528484179859538
"10"	"positive"	"outgroup"	"negative"	0.439701180257787
"10"	"negative"	"ingroup"	"negative"	0.578267391881349
"10"	"positive"	"ingroup"	"positive"	0.747898170500776
"10"	"negative"	"outgroup"	"negative"	0.463985069936453
"10"	"positive"	"ingroup"	"positive"	0.594347645774356
"10"	"positive"	"ingroup"	"negative"	0.728711666290642
"10"	"negative"	"ingroup"	"negative"	0.437319483745746
"10"	"negative"	"outgroup"	"negative"	0.449419069036697
"10"	"positive"	"ingroup"	"positive"	0.526935803413177
"10"	"positive"	"ingroup"	"positive"	0.416723309592158
"10"	"negative"	"outgroup"	"negative"	0.417138204694818
"10"	"positive"	"ingroup"	"positive"	0.38073056053522
"10"	"negative"	"ingroup"	"negative"	0.613381579997454
"10"	"positive"	"ingroup"	"positive"	0.814135062099283
"10"	"negative"	"outgroup"	"negative"	0.416748000104429
"10"	"positive"	"ingroup"	"positive"	0.607513564562749
"10"	"negative"	"outgroup"	"positive"	0.579826754561584
"10"	"positive"	"outgroup"	"positive"	0.573233747708397
"10"	"positive"	"outgroup"	"negative"	0.54921828019368
"10"	"negative"	"outgroup"	"negative"	0.484944009012402
"10"	"positive"	"ingroup"	"positive"	0.554007726914611
"10"	"positive"	"outgroup"	"positive"	0.498871175179793
"10"	"positive"	"ingroup"	"positive"	0.658587953844934
"10"	"positive"	"ingroup"	"positive"	0.378989256812573
"10"	"negative"	"outgroup"	"negative"	0.589021426060479
"10"	"positive"	"outgroup"	"negative"	0.711260687229733
"10"	"negative"	"outgroup"	"negative"	0.472980946844551
"10"	"negative"	"ingroup"	"negative"	0.965327040692414
"10"	"positive"	"ingroup"	"positive"	0.438629600989687
"10"	"negative"	"ingroup"	"negative"	1.20610770822799
"10"	"positive"	"outgroup"	"positive"	0.434387103229902
"10"	"positive"	"ingroup"	"positive"	0.471110881560656
"10"	"negative"	"ingroup"	"negative"	0.774311964185337
"10"	"positive"	"ingroup"	"positive"	0.608392059302678
"10"	"negative"	"ingroup"	"positive"	0.479078388100117
"10"	"negative"	"outgroup"	"negative"	0.393219759107939
"10"	"positive"	"ingroup"	"positive"	0.504589689083327
"10"	"negative"	"ingroup"	"negative"	0.851738377110114
"10"	"positive"	"ingroup"	"negative"	0.954161782368385
"10"	"positive"	"outgroup"	"positive"	0.528971409498022
"10"	"positive"	"ingroup"	"positive"	0.601981109209533
"10"	"positive"	"outgroup"	"negative"	0.500997104721249
"10"	"negative"	"outgroup"	"negative"	0.478778420824773
"10"	"positive"	"ingroup"	"positive"	0.440314595914614
"10"	"negative"	"ingroup"	"negative"	0.514931382406761
"10"	"positive"	"outgroup"	"positive"	0.495840661376093
"10"	"positive"	"outgroup"	"positive"	0.564046143713771
"10"	"positive"	"outgroup"	"negative"	0.53521513084721
"10"	"negative"	"outgroup"	"negative"	0.87872515684052
"10"	"positive"	"ingroup"	"positive"	0.582418474129181
"10"	"negative"	"outgroup"	"negative"	0.527091663430598
"10"	"negative"	"outgroup"	"negative"	0.543735954675899
"10"	"negative"	"outgroup"	"negative"	0.889578796211648
"10"	"positive"	"outgroup"	"positive"	1.05395315764683
"10"	"positive"	"outgroup"	"negative"	0.42328432064312
"10"	"negative"	"ingroup"	"negative"	0.559620579424684
"10"	"positive"	"outgroup"	"positive"	0.8444677992242
"10"	"negative"	"ingroup"	"negative"	0.583489711752201
"10"	"negative"	"outgroup"	"negative"	0.402484632827835
"10"	"negative"	"ingroup"	"positive"	0.435238163699707
"10"	"positive"	"outgroup"	"negative"	0.464482481175445
"10"	"negative"	"outgroup"	"negative"	0.539867537425305
"10"	"positive"	"ingroup"	"positive"	0.4771480751501
"10"	"negative"	"ingroup"	"negative"	0.840659572824446
"10"	"positive"	"outgroup"	"negative"	0.796102657350354
"10"	"positive"	"ingroup"	"positive"	0.438761815816235
"10"	"positive"	"outgroup"	"positive"	0.573097816540443
"10"	"negative"	"outgroup"	"negative"	0.392507923022155
"10"	"positive"	"ingroup"	"positive"	0.467757695764211
"10"	"negative"	"outgroup"	"negative"	0.422095720594348
"10"	"positive"	"ingroup"	"positive"	0.431826662304488
"10"	"positive"	"ingroup"	"positive"	0.53556473590761
"10"	"positive"	"ingroup"	"positive"	0.453992447898293
"10"	"positive"	"ingroup"	"positive"	0.862667411127231
"10"	"negative"	"ingroup"	"negative"	0.667883220108945
"10"	"negative"	"ingroup"	"negative"	0.439635955635184
"10"	"negative"	"outgroup"	"negative"	0.847918161747061
"10"	"positive"	"ingroup"	"positive"	0.379889809023842
"10"	"positive"	"outgroup"	"positive"	0.634289343505595
"10"	"positive"	"outgroup"	"positive"	0.536641422130583
"10"	"negative"	"ingroup"	"positive"	0.570556433717484
"10"	"negative"	"ingroup"	"negative"	0.607232832000982
"10"	"positive"	"outgroup"	"positive"	0.707061905185585
"10"	"negative"	"outgroup"	"negative"	0.586955690162267
"10"	"positive"	"outgroup"	"positive"	0.671328698481124
"10"	"negative"	"ingroup"	"negative"	0.541812606157123
"10"	"negative"	"outgroup"	"negative"	0.493747819861268
"10"	"positive"	"ingroup"	"negative"	0.427606959275079
"10"	"negative"	"ingroup"	"positive"	0.570329218279788
"10"	"negative"	"ingroup"	"negative"	1.03444693175751
"10"	"negative"	"outgroup"	"negative"	0.461422291790229
"10"	"positive"	"ingroup"	"positive"	0.531635132795419
"10"	"positive"	"outgroup"	"positive"	0.631033717066183
"10"	"negative"	"ingroup"	"negative"	0.437926657470099
"10"	"positive"	"outgroup"	"positive"	0.78376732608151
"10"	"positive"	"outgroup"	"positive"	0.465288045451403
"10"	"negative"	"outgroup"	"negative"	0.416844727029062
"10"	"negative"	"ingroup"	"negative"	0.557145374294349
"10"	"positive"	"ingroup"	"positive"	0.481912706742661
"10"	"positive"	"ingroup"	"positive"	0.458581365419167
"10"	"negative"	"outgroup"	"negative"	0.447360458537153
"10"	"positive"	"ingroup"	"positive"	0.413492718423174
"10"	"positive"	"outgroup"	"positive"	0.512568308011696
"10"	"negative"	"outgroup"	"negative"	0.438790731758775
"10"	"negative"	"ingroup"	"negative"	0.496019517165041
"10"	"positive"	"outgroup"	"negative"	0.471552637545033
"10"	"positive"	"outgroup"	"positive"	0.604188040037715
"10"	"negative"	"ingroup"	"positive"	0.501602159895115
"10"	"negative"	"outgroup"	"negative"	0.407361114710443
"10"	"negative"	"outgroup"	"negative"	0.478175836039757
"10"	"positive"	"outgroup"	"negative"	0.407456598592535
"10"	"negative"	"outgroup"	"positive"	0.859674428996798
"10"	"positive"	"ingroup"	"positive"	0.57355307617133
"10"	"negative"	"outgroup"	"negative"	0.384815852044999
"10"	"negative"	"outgroup"	"positive"	0.605918672475438
"10"	"negative"	"outgroup"	"negative"	1.25491433994577
"10"	"negative"	"ingroup"	"negative"	0.447082877087528
"10"	"positive"	"ingroup"	"positive"	0.482609420964966
"10"	"negative"	"outgroup"	"negative"	0.569820506370837
"10"	"negative"	"outgroup"	"negative"	0.431230534547173
"10"	"positive"	"outgroup"	"negative"	0.456342643063466
"10"	"positive"	"ingroup"	"positive"	0.40740452659342
"10"	"negative"	"outgroup"	"negative"	0.702363360708925
"10"	"positive"	"ingroup"	"positive"	0.512060856678397
"10"	"negative"	"ingroup"	"negative"	0.583277228548671
"10"	"positive"	"outgroup"	"negative"	0.659392138728513
"10"	"positive"	"ingroup"	"positive"	0.520537414216684
"10"	"negative"	"outgroup"	"negative"	0.540143603261637
"10"	"negative"	"outgroup"	"positive"	0.457789102622943
"10"	"negative"	"ingroup"	"positive"	0.581460058374861
"10"	"negative"	"ingroup"	"negative"	0.482115165413543
"10"	"negative"	"ingroup"	"negative"	0.595014529808751
"10"	"positive"	"outgroup"	"negative"	0.691367572987166
"10"	"positive"	"outgroup"	"negative"	0.398448204121873
"10"	"positive"	"outgroup"	"positive"	0.47535696406048
"10"	"negative"	"ingroup"	"negative"	0.48271273219331
"10"	"positive"	"ingroup"	"positive"	0.559985804564603
"10"	"negative"	"outgroup"	"positive"	0.400013970462666
"10"	"negative"	"ingroup"	"negative"	0.75662486114419
"10"	"positive"	"ingroup"	"positive"	0.414670388462712
"10"	"negative"	"ingroup"	"positive"	0.805046481479756
"10"	"positive"	"ingroup"	"positive"	0.439074282281188
"10"	"negative"	"outgroup"	"negative"	0.413402082325139
"10"	"negative"	"ingroup"	"negative"	0.932919672735113
"10"	"negative"	"ingroup"	"positive"	0.71270667520301
"10"	"positive"	"outgroup"	"positive"	0.452167521357833
"10"	"negative"	"ingroup"	"positive"	0.404362739782364
"10"	"negative"	"ingroup"	"negative"	0.579802383442258
"10"	"positive"	"ingroup"	"positive"	0.384166052418385
"10"	"negative"	"outgroup"	"negative"	0.568182039803727
"10"	"positive"	"ingroup"	"positive"	0.661789318402821
"10"	"positive"	"ingroup"	"positive"	0.425950710762371
"10"	"negative"	"ingroup"	"negative"	0.569083779641014
"10"	"positive"	"outgroup"	"positive"	0.807353010745861
"10"	"negative"	"outgroup"	"negative"	0.428885189011453
"10"	"positive"	"ingroup"	"positive"	0.90421906880062
"10"	"positive"	"outgroup"	"positive"	0.693341886746035
"10"	"positive"	"outgroup"	"positive"	0.665907998876531
"10"	"negative"	"outgroup"	"positive"	0.532592814725855
"10"	"positive"	"ingroup"	"positive"	0.441423241989834
"10"	"positive"	"ingroup"	"positive"	0.4399426106672
"10"	"negative"	"ingroup"	"positive"	0.507594953678787
"10"	"positive"	"ingroup"	"negative"	0.640933045972122
"10"	"negative"	"outgroup"	"negative"	0.410857399756507
"10"	"positive"	"ingroup"	"positive"	0.379217063759434
"10"	"positive"	"outgroup"	"positive"	0.685328590486532
"10"	"positive"	"outgroup"	"negative"	0.519641244288924
"10"	"positive"	"ingroup"	"positive"	0.436598946829816
"10"	"positive"	"outgroup"	"positive"	0.546912406184389
"10"	"negative"	"outgroup"	"negative"	0.405071144908681
"10"	"negative"	"ingroup"	"positive"	0.607850117971155
"10"	"negative"	"ingroup"	"negative"	0.487873389561992
"10"	"positive"	"outgroup"	"negative"	0.530405550157491
"10"	"positive"	"outgroup"	"positive"	0.440110293772917
"10"	"positive"	"outgroup"	"positive"	0.688084983391901
"10"	"negative"	"outgroup"	"negative"	0.467546671682217
"10"	"negative"	"outgroup"	"negative"	0.521896399081684
"10"	"negative"	"ingroup"	"negative"	0.560416150252954
"10"	"positive"	"ingroup"	"negative"	0.683943304962289
"10"	"positive"	"ingroup"	"negative"	0.576982067827913
"10"	"negative"	"outgroup"	"negative"	0.430941350572937
"10"	"negative"	"outgroup"	"negative"	0.440482634581468
"10"	"negative"	"outgroup"	"negative"	0.565448347409081
"10"	"positive"	"ingroup"	"negative"	0.820486268036975
"10"	"negative"	"ingroup"	"negative"	0.489709528872867
"10"	"positive"	"outgroup"	"negative"	0.585535185951447
"10"	"positive"	"outgroup"	"positive"	0.673739011738675
"10"	"negative"	"outgroup"	"positive"	0.411462761676886
"10"	"negative"	"outgroup"	"negative"	0.958603962401998
"10"	"positive"	"outgroup"	"negative"	0.538673257628531
"10"	"positive"	"outgroup"	"positive"	0.751887808866752
"10"	"positive"	"ingroup"	"positive"	0.467506230915845
"10"	"positive"	"outgroup"	"positive"	0.502753926210426
"10"	"negative"	"outgroup"	"positive"	0.458731680919999
"10"	"negative"	"ingroup"	"negative"	0.48630469192922
"10"	"positive"	"outgroup"	"positive"	0.609883927954463
"10"	"positive"	"ingroup"	"positive"	0.432539644278191
"10"	"positive"	"ingroup"	"positive"	0.534219694881872
"10"	"positive"	"outgroup"	"negative"	0.684944219950797
"10"	"positive"	"ingroup"	"positive"	0.442756502242469
"10"	"negative"	"ingroup"	"positive"	0.492955680110287
"10"	"positive"	"ingroup"	"positive"	0.42035711197006
"10"	"negative"	"ingroup"	"negative"	0.483982897227272
"10"	"negative"	"ingroup"	"negative"	0.74500048332882
"10"	"negative"	"outgroup"	"positive"	0.501062792888593
"10"	"positive"	"ingroup"	"positive"	0.525563504212486
"10"	"negative"	"outgroup"	"positive"	0.535690324218677
"10"	"negative"	"outgroup"	"negative"	0.693164054551145
"10"	"negative"	"outgroup"	"negative"	0.512961111810179
"10"	"positive"	"ingroup"	"positive"	0.513886772380247
"10"	"positive"	"ingroup"	"positive"	0.65207243836148
"10"	"positive"	"ingroup"	"positive"	0.425063597121219
"10"	"negative"	"ingroup"	"positive"	0.525158649436347
"10"	"negative"	"outgroup"	"negative"	0.404988972836991
"10"	"negative"	"ingroup"	"positive"	0.723637252520809
"10"	"negative"	"outgroup"	"negative"	0.38944928266456
"10"	"positive"	"ingroup"	"positive"	0.457849347059245
"10"	"negative"	"ingroup"	"negative"	0.480048570229066
"10"	"negative"	"outgroup"	"negative"	0.587515651065031
"10"	"positive"	"outgroup"	"positive"	0.491144294402006
"10"	"positive"	"ingroup"	"positive"	0.397063573914669
"10"	"positive"	"outgroup"	"negative"	0.380468065221002
"10"	"negative"	"ingroup"	"negative"	0.461344870652528
"10"	"positive"	"outgroup"	"negative"	0.68760404387601
"10"	"negative"	"ingroup"	"negative"	0.545604206195857
"10"	"negative"	"ingroup"	"positive"	0.569317979719265
"10"	"negative"	"ingroup"	"positive"	0.424116832565062
"10"	"negative"	"ingroup"	"positive"	0.998506153898839
"10"	"negative"	"outgroup"	"negative"	0.561669231026366
"10"	"negative"	"outgroup"	"negative"	1.14176301863039
"10"	"positive"	"outgroup"	"positive"	0.598586461710267
"10"	"positive"	"ingroup"	"positive"	0.474117228077298
"10"	"negative"	"outgroup"	"negative"	0.417575293640716
"10"	"positive"	"ingroup"	"positive"	0.786099926648291
"10"	"negative"	"outgroup"	"negative"	0.484827316695386
"10"	"negative"	"outgroup"	"negative"	0.400302913776036
"10"	"positive"	"outgroup"	"positive"	0.476006369670232
"10"	"positive"	"ingroup"	"positive"	0.476709508795748
"10"	"negative"	"outgroup"	"positive"	0.603613798599333
"10"	"positive"	"outgroup"	"positive"	0.446947366725061
"10"	"negative"	"ingroup"	"positive"	0.485204670062511
"10"	"positive"	"outgroup"	"negative"	0.48389290522806
"10"	"positive"	"ingroup"	"positive"	0.709595133691839
"10"	"positive"	"outgroup"	"positive"	0.722004500373008
"10"	"positive"	"outgroup"	"negative"	0.39779063328948
"10"	"positive"	"ingroup"	"positive"	0.688837053535517
"10"	"positive"	"outgroup"	"positive"	0.587357641403099
"10"	"negative"	"outgroup"	"negative"	0.383842721408045
"10"	"negative"	"outgroup"	"negative"	0.407002480393155
"10"	"positive"	"ingroup"	"positive"	0.607175949922904
"10"	"negative"	"outgroup"	"positive"	0.575845408443168
"10"	"negative"	"outgroup"	"negative"	0.529890806164993
"10"	"negative"	"outgroup"	"positive"	0.557208461990833
"10"	"negative"	"ingroup"	"positive"	0.623787498225344
"10"	"positive"	"ingroup"	"positive"	0.866863193633064
"10"	"negative"	"outgroup"	"negative"	1.00364201165184
"10"	"positive"	"outgroup"	"negative"	0.545470137071261
"10"	"positive"	"ingroup"	"positive"	0.404604429876539
"10"	"positive"	"ingroup"	"positive"	0.439314719554292
"10"	"negative"	"outgroup"	"negative"	0.464419594833827
"10"	"negative"	"outgroup"	"negative"	0.521612160851075
"10"	"negative"	"ingroup"	"positive"	0.741226088354495
"10"	"negative"	"ingroup"	"negative"	0.534046118318948
"10"	"negative"	"ingroup"	"negative"	0.506711835518141
"10"	"positive"	"ingroup"	"negative"	0.393400620088041
"10"	"positive"	"ingroup"	"positive"	0.458304564997623
"10"	"positive"	"ingroup"	"negative"	0.394333622236835
"10"	"positive"	"ingroup"	"positive"	0.548332684695052
"10"	"negative"	"ingroup"	"negative"	0.821087927154007
"10"	"positive"	"outgroup"	"positive"	0.506217439437531
"10"	"negative"	"outgroup"	"negative"	0.485972369604106
"10"	"positive"	"outgroup"	"positive"	0.672953507102298
"10"	"negative"	"ingroup"	"negative"	0.569058450412539
"10"	"negative"	"outgroup"	"negative"	0.822261260380437
"10"	"negative"	"outgroup"	"negative"	0.645026765487385
"10"	"positive"	"outgroup"	"positive"	0.506096786520941
"10"	"negative"	"outgroup"	"negative"	0.407118734453989
"10"	"negative"	"outgroup"	"negative"	0.588701057178677
"10"	"positive"	"ingroup"	"positive"	0.592818513074116
"10"	"negative"	"ingroup"	"negative"	0.477725639181134
"10"	"positive"	"ingroup"	"positive"	0.661080953455024
"10"	"negative"	"ingroup"	"positive"	0.561345078143962
"10"	"positive"	"ingroup"	"positive"	0.655387060542938
"10"	"positive"	"ingroup"	"positive"	0.40176200340723
"10"	"negative"	"ingroup"	"negative"	0.61589013190139
"10"	"positive"	"outgroup"	"negative"	0.493383571737491
"10"	"positive"	"ingroup"	"negative"	0.881754250888494
"10"	"negative"	"ingroup"	"negative"	0.632206194438807
"10"	"negative"	"outgroup"	"negative"	0.412862609096463
"10"	"positive"	"ingroup"	"positive"	0.413719425184191
"10"	"negative"	"ingroup"	"positive"	0.420720933847915
"10"	"negative"	"ingroup"	"negative"	0.623424551462901
"10"	"negative"	"outgroup"	"negative"	0.482909775100951
"10"	"positive"	"outgroup"	"positive"	0.683576065275677
"10"	"negative"	"ingroup"	"negative"	0.465368683061669
"10"	"positive"	"outgroup"	"negative"	0.459766433783883
"10"	"negative"	"outgroup"	"negative"	0.578671140886644
"10"	"negative"	"outgroup"	"negative"	0.76481536886475
"10"	"positive"	"outgroup"	"negative"	0.475790177491127
"10"	"positive"	"ingroup"	"positive"	0.66154982501453
"10"	"positive"	"ingroup"	"positive"	0.521397704289983
"10"	"negative"	"ingroup"	"positive"	0.382048024157532
"10"	"negative"	"ingroup"	"negative"	0.515892701377472
"10"	"positive"	"ingroup"	"positive"	0.581528422054998
"10"	"positive"	"ingroup"	"negative"	0.482002176704774
"10"	"negative"	"outgroup"	"negative"	0.445859399919333
"10"	"negative"	"outgroup"	"negative"	0.397442222130854
"10"	"negative"	"outgroup"	"negative"	0.370313361694434
"10"	"positive"	"outgroup"	"positive"	0.78765909742899
"10"	"negative"	"ingroup"	"positive"	0.673808989328465
"10"	"negative"	"ingroup"	"negative"	0.574490622288338
"10"	"positive"	"ingroup"	"negative"	0.539802771231385
"10"	"negative"	"outgroup"	"negative"	0.38272788510848
"10"	"positive"	"outgroup"	"negative"	0.428647958482963
"10"	"positive"	"outgroup"	"negative"	0.440306459163547
"10"	"positive"	"outgroup"	"positive"	0.458086681340588
"10"	"positive"	"ingroup"	"negative"	0.547323803773749
"10"	"negative"	"ingroup"	"negative"	0.548381515028385
"10"	"positive"	"outgroup"	"negative"	0.601762901893913
"10"	"negative"	"ingroup"	"negative"	0.606736343947546
"10"	"positive"	"outgroup"	"negative"	0.54234830939575
"10"	"negative"	"ingroup"	"negative"	0.487281169406871
"10"	"negative"	"outgroup"	"negative"	1.40904801537483
"10"	"negative"	"outgroup"	"positive"	0.835658954462432
"10"	"positive"	"outgroup"	"positive"	0.447318934184802
"10"	"negative"	"ingroup"	"negative"	0.524473276009295
"10"	"positive"	"ingroup"	"positive"	0.698808609694053
"10"	"negative"	"ingroup"	"positive"	0.446413884589736
"10"	"positive"	"outgroup"	"positive"	0.554735769178118
"10"	"negative"	"ingroup"	"positive"	0.695998341926901
"10"	"negative"	"outgroup"	"negative"	0.466164475055655
"10"	"negative"	"ingroup"	"negative"	0.456610271288811
"10"	"negative"	"ingroup"	"negative"	0.602682256918641
"10"	"negative"	"ingroup"	"negative"	0.431867506239496
"10"	"negative"	"outgroup"	"negative"	0.41894095280294
"10"	"positive"	"ingroup"	"negative"	0.662718764502498
"10"	"negative"	"ingroup"	"positive"	0.424435522951884
"10"	"positive"	"ingroup"	"positive"	0.519220071064957
"10"	"positive"	"ingroup"	"positive"	0.572597668832602
"10"	"positive"	"outgroup"	"positive"	0.738009027363612
"10"	"negative"	"ingroup"	"negative"	0.663888872719803
"10"	"positive"	"ingroup"	"positive"	0.702530686413994
"10"	"negative"	"ingroup"	"negative"	0.40501604483359
"10"	"negative"	"ingroup"	"positive"	0.403779318910115
"10"	"positive"	"outgroup"	"positive"	0.685294122484957
"10"	"negative"	"outgroup"	"positive"	0.637702694948251
"10"	"negative"	"outgroup"	"negative"	0.525523894455094
"10"	"positive"	"ingroup"	"positive"	0.40322937710078
"10"	"negative"	"outgroup"	"negative"	0.395830052785258
"10"	"positive"	"outgroup"	"positive"	0.505532078907925
"10"	"positive"	"ingroup"	"positive"	0.559365662832234
"10"	"positive"	"ingroup"	"positive"	0.466065822589914
"10"	"negative"	"ingroup"	"negative"	0.669845692282742
"10"	"negative"	"outgroup"	"negative"	0.59293463255939
"10"	"negative"	"outgroup"	"negative"	0.38619436166576
"10"	"positive"	"ingroup"	"positive"	0.995951522876111
"10"	"negative"	"ingroup"	"negative"	0.676367827629331
"10"	"positive"	"outgroup"	"negative"	0.616789055806914
"10"	"negative"	"outgroup"	"negative"	0.504629481334073
"10"	"positive"	"outgroup"	"negative"	0.440782995531284
"10"	"negative"	"ingroup"	"negative"	0.488463834830404
"10"	"negative"	"ingroup"	"negative"	1.21115492169998
"10"	"positive"	"outgroup"	"positive"	0.553606644917884
"10"	"positive"	"outgroup"	"negative"	0.404640212669348
"10"	"negative"	"ingroup"	"negative"	0.600109481924152
"10"	"positive"	"outgroup"	"positive"	0.860075669145146
"10"	"positive"	"ingroup"	"positive"	0.41397146918534
"10"	"positive"	"ingroup"	"positive"	0.37995844318526
"10"	"positive"	"ingroup"	"positive"	0.474670313998483
"10"	"positive"	"outgroup"	"positive"	0.599016583601716
"10"	"negative"	"ingroup"	"negative"	0.639537953908311
"10"	"positive"	"outgroup"	"negative"	0.419076260322909
"10"	"positive"	"ingroup"	"positive"	0.431353513952113
"10"	"positive"	"outgroup"	"positive"	0.559449712471824
"10"	"negative"	"outgroup"	"negative"	0.378760722030589
"11"	"negative"	"ingroup"	"positive"	0.837033690184873
"11"	"negative"	"ingroup"	"negative"	0.735703267641967
"11"	"negative"	"outgroup"	"negative"	0.591195203817659
"11"	"negative"	"outgroup"	"positive"	0.733701444369346
"11"	"positive"	"outgroup"	"positive"	0.721954660350687
"11"	"positive"	"outgroup"	"positive"	0.783244601287575
"11"	"positive"	"outgroup"	"positive"	0.629141918215332
"11"	"negative"	"ingroup"	"negative"	0.755798771213606
"11"	"positive"	"outgroup"	"positive"	0.528440273395588
"11"	"negative"	"ingroup"	"negative"	0.58453574158095
"11"	"negative"	"outgroup"	"negative"	0.630719676865129
"11"	"negative"	"ingroup"	"negative"	0.57075602956449
"11"	"negative"	"ingroup"	"negative"	0.554696328757419
"11"	"positive"	"outgroup"	"positive"	0.670435551355695
"11"	"positive"	"outgroup"	"positive"	0.532706621434771
"11"	"positive"	"ingroup"	"positive"	0.655989419869786
"11"	"negative"	"outgroup"	"positive"	0.716192210802001
"11"	"positive"	"ingroup"	"positive"	0.741855845015258
"11"	"positive"	"outgroup"	"negative"	0.555588963729379
"11"	"negative"	"ingroup"	"negative"	0.708053827693962
"11"	"positive"	"ingroup"	"positive"	0.708450299679836
"11"	"positive"	"outgroup"	"negative"	1.02823434626074
"11"	"negative"	"outgroup"	"negative"	1.31565195709509
"11"	"negative"	"outgroup"	"negative"	0.626085263787585
"11"	"negative"	"ingroup"	"positive"	0.570866909784643
"11"	"negative"	"ingroup"	"negative"	0.621188964499301
"11"	"positive"	"ingroup"	"positive"	0.728792344869303
"11"	"positive"	"ingroup"	"positive"	0.580929215105477
"11"	"positive"	"ingroup"	"positive"	0.555153306261761
"11"	"positive"	"ingroup"	"positive"	0.761644555621613
"11"	"positive"	"outgroup"	"positive"	0.701686665902521
"11"	"positive"	"ingroup"	"positive"	0.648970529034649
"11"	"negative"	"outgroup"	"negative"	0.565954808688211
"11"	"positive"	"outgroup"	"positive"	0.586526172358428
"11"	"negative"	"outgroup"	"negative"	0.759561766453033
"11"	"positive"	"outgroup"	"positive"	0.624580848518942
"11"	"positive"	"outgroup"	"positive"	0.803830286661057
"11"	"negative"	"ingroup"	"positive"	0.5837544485736
"11"	"negative"	"outgroup"	"negative"	0.781845895533984
"11"	"negative"	"ingroup"	"negative"	0.5767284590067
"11"	"positive"	"ingroup"	"positive"	0.661318986092831
"11"	"negative"	"outgroup"	"positive"	0.736113921386114
"11"	"negative"	"outgroup"	"negative"	0.751069299084883
"11"	"positive"	"outgroup"	"positive"	1.03158918831714
"11"	"positive"	"outgroup"	"positive"	0.976182412056364
"11"	"negative"	"outgroup"	"positive"	0.698921760548323
"11"	"negative"	"ingroup"	"positive"	0.637334100060608
"11"	"negative"	"outgroup"	"negative"	0.809253760356998
"11"	"positive"	"ingroup"	"positive"	1.1485185984723
"11"	"positive"	"outgroup"	"positive"	0.97810985284616
"11"	"positive"	"ingroup"	"negative"	0.587282951976432
"11"	"positive"	"ingroup"	"negative"	0.713475318786967
"11"	"negative"	"outgroup"	"negative"	0.665847191476676
"11"	"positive"	"outgroup"	"positive"	0.972757880258053
"11"	"positive"	"outgroup"	"negative"	0.592100861288641
"11"	"negative"	"outgroup"	"positive"	0.997265339047824
"11"	"negative"	"outgroup"	"negative"	0.549724053033821
"11"	"positive"	"outgroup"	"negative"	0.80742541174146
"11"	"negative"	"ingroup"	"negative"	0.749128004361637
"11"	"positive"	"outgroup"	"positive"	0.564250913559788
"11"	"positive"	"ingroup"	"positive"	0.618313652378239
"11"	"negative"	"outgroup"	"negative"	0.922324010704315
"11"	"positive"	"ingroup"	"positive"	0.964683359733595
"11"	"positive"	"ingroup"	"positive"	0.685495940950122
"11"	"negative"	"outgroup"	"negative"	0.522519637342776
"11"	"negative"	"outgroup"	"negative"	0.549402034278148
"11"	"negative"	"outgroup"	"negative"	0.505632321166412
"11"	"positive"	"outgroup"	"negative"	0.626689357630968
"11"	"negative"	"ingroup"	"negative"	0.660186993588808
"11"	"negative"	"ingroup"	"negative"	0.660131859429548
"11"	"positive"	"ingroup"	"positive"	0.860284704889677
"11"	"negative"	"ingroup"	"negative"	1.01149647561406
"11"	"positive"	"outgroup"	"negative"	1.00703785761028
"11"	"negative"	"ingroup"	"negative"	0.644602932648811
"11"	"negative"	"outgroup"	"negative"	0.739840172979085
"11"	"negative"	"ingroup"	"negative"	0.711618180132905
"11"	"positive"	"ingroup"	"negative"	1.36614945074668
"11"	"positive"	"outgroup"	"positive"	0.705800015822602
"11"	"negative"	"outgroup"	"negative"	0.5471273130879
"11"	"positive"	"outgroup"	"positive"	0.791015069026464
"11"	"negative"	"outgroup"	"negative"	0.556486994447222
"11"	"positive"	"ingroup"	"negative"	0.713936935733058
"11"	"positive"	"ingroup"	"positive"	0.729989592361638
"11"	"positive"	"outgroup"	"negative"	1.0338266943631
"11"	"positive"	"outgroup"	"positive"	0.720604357196967
"11"	"negative"	"outgroup"	"negative"	0.552356001829637
"11"	"negative"	"ingroup"	"negative"	0.661112850901499
"11"	"positive"	"outgroup"	"positive"	0.588246547209519
"11"	"negative"	"ingroup"	"positive"	0.776528178698423
"11"	"positive"	"outgroup"	"negative"	0.609626926268603
"11"	"positive"	"outgroup"	"positive"	0.631810894075979
"11"	"positive"	"outgroup"	"positive"	0.580084675967588
"11"	"negative"	"outgroup"	"negative"	0.736096380295147
"11"	"positive"	"ingroup"	"negative"	0.610878730230177
"11"	"positive"	"ingroup"	"positive"	0.611183676968946
"11"	"negative"	"ingroup"	"negative"	0.529953666023759
"11"	"positive"	"outgroup"	"negative"	0.555369288583281
"11"	"positive"	"outgroup"	"positive"	0.638650325684517
"11"	"negative"	"ingroup"	"negative"	0.688934384292753
"11"	"negative"	"ingroup"	"negative"	0.935843180392028
"11"	"negative"	"ingroup"	"negative"	0.709842314525164
"11"	"negative"	"outgroup"	"negative"	0.842823623408031
"11"	"positive"	"ingroup"	"positive"	0.619054290357594
"11"	"positive"	"ingroup"	"positive"	0.549721809635573
"11"	"positive"	"outgroup"	"positive"	0.66746204279999
"11"	"negative"	"outgroup"	"negative"	0.583480689066449
"11"	"positive"	"ingroup"	"negative"	0.653386933471085
"11"	"positive"	"ingroup"	"positive"	0.660617261428534
"11"	"positive"	"outgroup"	"positive"	0.55285870940601
"11"	"negative"	"outgroup"	"negative"	0.745644254196024
"11"	"positive"	"outgroup"	"negative"	0.674820703638716
"11"	"negative"	"outgroup"	"negative"	0.545198602754847
"11"	"positive"	"ingroup"	"negative"	0.547341540665876
"11"	"positive"	"ingroup"	"negative"	0.701104936983001
"11"	"positive"	"ingroup"	"negative"	0.895160897355719
"11"	"negative"	"ingroup"	"negative"	1.04778218007299
"11"	"negative"	"ingroup"	"positive"	0.549479513693469
"11"	"positive"	"outgroup"	"positive"	0.694980783154967
"11"	"positive"	"ingroup"	"positive"	0.578132374605934
"11"	"positive"	"outgroup"	"negative"	0.84450994244317
"11"	"positive"	"outgroup"	"positive"	0.521493709675521
"11"	"negative"	"ingroup"	"positive"	0.547882320186366
"11"	"negative"	"ingroup"	"positive"	0.612614348960183
"11"	"positive"	"ingroup"	"positive"	0.623555434704628
"11"	"negative"	"outgroup"	"positive"	0.86878995140562
"11"	"negative"	"outgroup"	"negative"	1.18427630740341
"11"	"negative"	"ingroup"	"positive"	0.868453272253569
"11"	"negative"	"ingroup"	"negative"	0.679463465512704
"11"	"negative"	"ingroup"	"negative"	0.571948966626148
"11"	"negative"	"outgroup"	"negative"	0.52424071294613
"11"	"positive"	"ingroup"	"positive"	0.558675368860775
"11"	"positive"	"ingroup"	"positive"	0.749598361425026
"11"	"positive"	"outgroup"	"positive"	0.576966645287208
"11"	"positive"	"ingroup"	"positive"	0.690407492023604
"11"	"negative"	"ingroup"	"negative"	0.574496848988485
"11"	"negative"	"outgroup"	"negative"	0.587660730219315
"11"	"positive"	"outgroup"	"negative"	0.603472343351792
"11"	"negative"	"ingroup"	"positive"	0.814556657993684
"11"	"positive"	"ingroup"	"positive"	0.564526074417183
"11"	"positive"	"outgroup"	"positive"	0.55917587825512
"11"	"negative"	"ingroup"	"negative"	0.843483206599954
"11"	"positive"	"ingroup"	"positive"	0.584926250472379
"11"	"negative"	"ingroup"	"negative"	0.544527993953753
"11"	"positive"	"outgroup"	"negative"	1.10714846692645
"11"	"negative"	"ingroup"	"negative"	1.17106707918926
"11"	"negative"	"ingroup"	"negative"	0.776565258693849
"11"	"positive"	"outgroup"	"negative"	0.609233075080861
"11"	"positive"	"ingroup"	"positive"	0.598384247283477
"11"	"negative"	"ingroup"	"negative"	0.627147599308237
"11"	"negative"	"ingroup"	"negative"	0.813566798596729
"11"	"positive"	"outgroup"	"positive"	1.37134986776159
"11"	"negative"	"outgroup"	"positive"	0.612086780474937
"11"	"positive"	"ingroup"	"positive"	0.783473028387801
"11"	"negative"	"ingroup"	"positive"	0.581931568010964
"11"	"negative"	"outgroup"	"negative"	0.533347091206078
"11"	"positive"	"outgroup"	"negative"	0.618260736858508
"11"	"positive"	"outgroup"	"positive"	0.712223091597005
"11"	"negative"	"ingroup"	"negative"	0.561337212312253
"11"	"negative"	"ingroup"	"positive"	0.555437081437794
"11"	"negative"	"outgroup"	"positive"	0.666367086759748
"11"	"positive"	"outgroup"	"positive"	0.967238695610502
"11"	"positive"	"ingroup"	"negative"	0.798350803889009
"11"	"negative"	"ingroup"	"negative"	0.66834326034318
"11"	"positive"	"ingroup"	"negative"	0.728899817137066
"11"	"positive"	"outgroup"	"positive"	0.549682764756983
"11"	"negative"	"ingroup"	"negative"	0.731308482706503
"11"	"positive"	"outgroup"	"positive"	0.674938720860218
"11"	"negative"	"outgroup"	"negative"	0.642409697236349
"11"	"negative"	"ingroup"	"negative"	0.601634200943476
"11"	"positive"	"outgroup"	"positive"	0.95783009417868
"11"	"negative"	"outgroup"	"negative"	0.546895936368232
"11"	"positive"	"ingroup"	"positive"	1.26672759701835
"11"	"negative"	"ingroup"	"negative"	0.860149438164622
"11"	"negative"	"ingroup"	"positive"	0.587788474751541
"11"	"negative"	"ingroup"	"positive"	0.793726872924349
"11"	"positive"	"outgroup"	"negative"	0.541349333997294
"11"	"positive"	"ingroup"	"positive"	0.758306110422637
"11"	"positive"	"ingroup"	"positive"	0.585303369586898
"11"	"negative"	"outgroup"	"negative"	0.580790485477801
"11"	"negative"	"ingroup"	"negative"	0.763036982748141
"11"	"negative"	"ingroup"	"negative"	0.636488856425614
"11"	"negative"	"outgroup"	"negative"	0.54052504058352
"11"	"positive"	"ingroup"	"negative"	0.615157906405932
"11"	"positive"	"outgroup"	"positive"	1.15545650645073
"11"	"negative"	"ingroup"	"negative"	0.858467671659691
"11"	"negative"	"outgroup"	"negative"	0.50176320889168
"11"	"positive"	"outgroup"	"positive"	0.628821835153865
"11"	"negative"	"ingroup"	"negative"	0.516668437592103
"11"	"negative"	"ingroup"	"negative"	0.732092161815689
"11"	"positive"	"outgroup"	"positive"	0.67731686821128
"11"	"positive"	"ingroup"	"positive"	0.539705192828657
"11"	"positive"	"outgroup"	"negative"	0.557650376729841
"11"	"positive"	"outgroup"	"positive"	0.617336435348739
"11"	"negative"	"ingroup"	"positive"	0.532110725140982
"11"	"positive"	"ingroup"	"negative"	0.671359965050711
"11"	"positive"	"ingroup"	"positive"	0.825576144683358
"11"	"negative"	"ingroup"	"negative"	0.773334397507159
"11"	"positive"	"ingroup"	"positive"	0.716072565184039
"11"	"positive"	"outgroup"	"negative"	0.890213017552734
"11"	"positive"	"outgroup"	"positive"	0.961233685103524
"11"	"positive"	"ingroup"	"positive"	0.522112784432493
"11"	"negative"	"ingroup"	"negative"	0.708847924033132
"11"	"positive"	"ingroup"	"negative"	0.793961104278698
"11"	"negative"	"outgroup"	"negative"	0.666683640996869
"11"	"positive"	"outgroup"	"positive"	0.637586419433226
"11"	"positive"	"ingroup"	"negative"	0.606152038097139
"11"	"negative"	"ingroup"	"negative"	0.650658072707588
"11"	"negative"	"outgroup"	"negative"	0.62914069013511
"11"	"negative"	"ingroup"	"positive"	0.562049537867605
"11"	"positive"	"outgroup"	"negative"	0.534278211676113
"11"	"negative"	"outgroup"	"negative"	0.565177922759044
"11"	"positive"	"outgroup"	"negative"	0.562699362484605
"11"	"positive"	"outgroup"	"positive"	0.513689060547655
"11"	"negative"	"outgroup"	"negative"	0.534992983214032
"11"	"negative"	"outgroup"	"negative"	0.817397070617156
"11"	"positive"	"outgroup"	"positive"	0.722212791377329
"11"	"positive"	"outgroup"	"positive"	0.632373345953485
"11"	"negative"	"ingroup"	"negative"	0.631539950671704
"11"	"negative"	"outgroup"	"negative"	0.521160818059863
"11"	"negative"	"ingroup"	"negative"	0.860005502616279
"11"	"negative"	"outgroup"	"negative"	0.612513799554293
"11"	"positive"	"ingroup"	"negative"	0.594175739879703
"11"	"positive"	"outgroup"	"negative"	0.808375575073834
"11"	"positive"	"ingroup"	"positive"	0.79090277220097
"11"	"negative"	"outgroup"	"positive"	0.588775701156096
"11"	"positive"	"outgroup"	"negative"	0.652095522800063
"11"	"negative"	"ingroup"	"negative"	0.707591480964137
"11"	"positive"	"ingroup"	"negative"	0.614632224884114
"11"	"positive"	"outgroup"	"positive"	0.695001414738623
"11"	"negative"	"outgroup"	"positive"	0.562765086748594
"11"	"negative"	"outgroup"	"negative"	0.779392155060304
"11"	"negative"	"ingroup"	"negative"	0.510606633756927
"11"	"negative"	"ingroup"	"positive"	0.798498371877208
"11"	"positive"	"outgroup"	"negative"	0.973260187674916
"11"	"positive"	"outgroup"	"negative"	0.804797324771043
"11"	"negative"	"outgroup"	"negative"	0.547916544550207
"11"	"positive"	"ingroup"	"positive"	0.729015655041998
"11"	"negative"	"outgroup"	"negative"	0.578698254961474
"11"	"positive"	"ingroup"	"positive"	0.643739583169601
"11"	"positive"	"ingroup"	"positive"	0.812904143467976
"11"	"positive"	"outgroup"	"positive"	0.530357403788744
"11"	"negative"	"ingroup"	"negative"	0.948422575052109
"11"	"negative"	"outgroup"	"positive"	0.679147826719819
"11"	"negative"	"ingroup"	"negative"	0.713026959512462
"11"	"negative"	"outgroup"	"negative"	0.672655959566148
"11"	"positive"	"ingroup"	"positive"	0.595195042414621
"11"	"negative"	"ingroup"	"positive"	0.77451528993598
"11"	"positive"	"outgroup"	"positive"	0.583079948707109
"11"	"positive"	"ingroup"	"positive"	0.56583909449615
"11"	"positive"	"outgroup"	"negative"	0.533325833087382
"11"	"positive"	"ingroup"	"negative"	0.781038124884927
"11"	"negative"	"ingroup"	"negative"	0.838413285892236
"11"	"positive"	"outgroup"	"negative"	0.508902102467548
"11"	"negative"	"outgroup"	"negative"	0.784782074814264
"11"	"positive"	"ingroup"	"positive"	0.707254217171143
"11"	"positive"	"ingroup"	"positive"	0.899765569967715
"11"	"negative"	"outgroup"	"negative"	0.697788303695156
"11"	"negative"	"outgroup"	"negative"	0.578693655819401
"11"	"negative"	"outgroup"	"negative"	0.751753087344653
"11"	"positive"	"outgroup"	"positive"	0.847997546498435
"11"	"positive"	"ingroup"	"positive"	0.624731706480941
"11"	"positive"	"ingroup"	"negative"	0.515971999815671
"11"	"negative"	"outgroup"	"negative"	0.607267778009674
"11"	"positive"	"ingroup"	"positive"	1.12626881641862
"11"	"negative"	"outgroup"	"negative"	0.893277130790918
"11"	"positive"	"ingroup"	"positive"	1.34835312241322
"11"	"negative"	"ingroup"	"negative"	0.546968352595147
"11"	"positive"	"ingroup"	"positive"	0.5487363345384
"11"	"negative"	"outgroup"	"positive"	0.542972066507101
"11"	"negative"	"ingroup"	"negative"	0.58004230834649
"11"	"positive"	"outgroup"	"negative"	0.796814567423043
"11"	"negative"	"outgroup"	"negative"	0.509581073639939
"11"	"negative"	"ingroup"	"negative"	0.733516881701737
"11"	"negative"	"outgroup"	"negative"	0.881504242762999
"11"	"positive"	"ingroup"	"positive"	0.690564258133541
"11"	"positive"	"outgroup"	"positive"	0.874395511854336
"11"	"positive"	"outgroup"	"positive"	0.578821750124744
"11"	"negative"	"ingroup"	"positive"	0.796252919550123
"11"	"negative"	"outgroup"	"negative"	1.1137129517585
"11"	"positive"	"outgroup"	"positive"	0.644369878935755
"11"	"positive"	"ingroup"	"positive"	1.010573650993
"11"	"positive"	"outgroup"	"positive"	0.539241720104219
"11"	"positive"	"ingroup"	"positive"	0.569250529021377
"11"	"positive"	"ingroup"	"positive"	0.543115520332734
"11"	"negative"	"outgroup"	"negative"	0.732785651981199
"11"	"positive"	"ingroup"	"positive"	0.814417818590769
"11"	"negative"	"outgroup"	"positive"	1.37215398425751
"11"	"negative"	"outgroup"	"negative"	0.630795244173961
"11"	"positive"	"ingroup"	"positive"	0.502319658877488
"11"	"positive"	"outgroup"	"positive"	0.529663872535003
"11"	"positive"	"outgroup"	"positive"	0.757699642952999
"11"	"positive"	"ingroup"	"positive"	1.1285671553093
"11"	"positive"	"outgroup"	"positive"	0.603606288426587
"11"	"positive"	"ingroup"	"negative"	0.702224839893705
"11"	"positive"	"ingroup"	"positive"	0.82934658758799
"11"	"positive"	"outgroup"	"positive"	0.588669874566441
"11"	"negative"	"outgroup"	"negative"	0.599309705364694
"11"	"positive"	"ingroup"	"positive"	0.669120658458085
"11"	"negative"	"outgroup"	"negative"	0.65141887893255
"11"	"negative"	"outgroup"	"negative"	0.721510726272428
"11"	"negative"	"outgroup"	"negative"	0.826430620729302
"11"	"positive"	"ingroup"	"positive"	1.02494156333802
"11"	"negative"	"ingroup"	"negative"	0.931296977301752
"11"	"positive"	"ingroup"	"positive"	0.601494530161286
"11"	"positive"	"ingroup"	"negative"	0.522503903795643
"11"	"negative"	"ingroup"	"positive"	0.709990117030571
"11"	"positive"	"outgroup"	"positive"	0.789920140048767
"11"	"positive"	"ingroup"	"positive"	0.612333220900625
"11"	"positive"	"outgroup"	"positive"	0.68399764631939
"11"	"negative"	"ingroup"	"negative"	0.652447832937314
"11"	"positive"	"outgroup"	"positive"	0.984460006053485
"11"	"negative"	"ingroup"	"negative"	0.657642045440455
"11"	"positive"	"ingroup"	"positive"	1.0273616901508
"11"	"positive"	"ingroup"	"positive"	1.20224214235057
"11"	"negative"	"ingroup"	"negative"	0.684193008465551
"11"	"negative"	"ingroup"	"negative"	0.730110265812107
"11"	"negative"	"ingroup"	"negative"	0.554713851506164
"11"	"negative"	"outgroup"	"negative"	0.754121767178343
"11"	"negative"	"ingroup"	"negative"	0.817913048343252
"11"	"negative"	"ingroup"	"negative"	0.632988819360583
"11"	"negative"	"ingroup"	"negative"	0.701853324033881
"11"	"negative"	"outgroup"	"negative"	0.576756094105394
"11"	"positive"	"ingroup"	"positive"	0.609157187441622
"11"	"negative"	"outgroup"	"negative"	0.575336807033037
"11"	"negative"	"outgroup"	"negative"	0.585868717714928
"11"	"negative"	"outgroup"	"negative"	0.536131583987102
"11"	"negative"	"ingroup"	"negative"	0.678355298385865
"11"	"positive"	"ingroup"	"positive"	0.563798008223738
"11"	"positive"	"outgroup"	"negative"	0.58009229727171
"11"	"negative"	"ingroup"	"negative"	0.601100437559653
"11"	"negative"	"outgroup"	"negative"	0.576399232199484
"11"	"negative"	"outgroup"	"negative"	0.752775097347178
"11"	"positive"	"outgroup"	"positive"	0.712874658022169
"11"	"positive"	"ingroup"	"negative"	0.696084019719008
"11"	"negative"	"ingroup"	"negative"	0.739733603909433
"11"	"positive"	"outgroup"	"positive"	1.09816094718942
"11"	"positive"	"outgroup"	"positive"	0.585453182645892
"11"	"positive"	"outgroup"	"negative"	0.588976202753725
"11"	"negative"	"outgroup"	"positive"	0.548037708333843
"11"	"negative"	"ingroup"	"positive"	0.685793265170107
"11"	"positive"	"outgroup"	"positive"	0.676395012529583
"11"	"negative"	"ingroup"	"positive"	0.572677164487654
"11"	"negative"	"outgroup"	"positive"	0.742902232398579
"11"	"positive"	"outgroup"	"positive"	1.09034493238799
"11"	"positive"	"outgroup"	"positive"	0.806983998025559
"11"	"negative"	"ingroup"	"negative"	0.664873594470368
"11"	"negative"	"outgroup"	"negative"	1.14332746556385
"11"	"negative"	"ingroup"	"negative"	0.555675041117599
"11"	"positive"	"ingroup"	"negative"	0.71675505318725
"11"	"positive"	"ingroup"	"positive"	0.836626457794734
"11"	"positive"	"ingroup"	"positive"	0.541799368718036
"11"	"negative"	"outgroup"	"negative"	0.671549434679217
"11"	"negative"	"outgroup"	"positive"	0.516199080350205
"11"	"positive"	"outgroup"	"positive"	0.591402109928196
"11"	"negative"	"ingroup"	"negative"	0.716049665308864
"11"	"positive"	"ingroup"	"negative"	0.747124026885657
"11"	"positive"	"outgroup"	"positive"	0.560520051280796
"11"	"negative"	"outgroup"	"negative"	1.03847887700458
"11"	"negative"	"outgroup"	"negative"	0.605215545160732
"11"	"positive"	"ingroup"	"positive"	0.639445053475814
"11"	"positive"	"outgroup"	"negative"	0.689441451007505
"11"	"negative"	"ingroup"	"positive"	0.793522663280192
"11"	"positive"	"ingroup"	"negative"	0.612099557753084
"11"	"positive"	"outgroup"	"negative"	1.25687032371879
"11"	"negative"	"ingroup"	"negative"	0.741180322429204
"11"	"positive"	"ingroup"	"negative"	0.633999365472271
"11"	"positive"	"ingroup"	"positive"	0.736736040175578
"11"	"positive"	"ingroup"	"positive"	1.41971196013969
"11"	"positive"	"outgroup"	"positive"	0.644384860982951
"11"	"positive"	"ingroup"	"positive"	1.01371437871052
"11"	"positive"	"ingroup"	"negative"	0.753600324102554
"11"	"negative"	"outgroup"	"positive"	0.82839855306971
"11"	"positive"	"ingroup"	"positive"	0.788677696998049
"11"	"negative"	"ingroup"	"negative"	0.677015541227711
"11"	"positive"	"ingroup"	"positive"	0.587662600734876
"11"	"positive"	"outgroup"	"positive"	0.692532353133054
"11"	"positive"	"ingroup"	"positive"	0.554997428840933
"11"	"negative"	"ingroup"	"positive"	0.528451104216034
"11"	"negative"	"outgroup"	"negative"	1.14747592919829
"11"	"positive"	"outgroup"	"negative"	0.791544183901006
"11"	"negative"	"ingroup"	"positive"	0.684685651999533
"11"	"negative"	"outgroup"	"positive"	0.542664623570106
"11"	"positive"	"ingroup"	"negative"	0.725792317344404
"11"	"negative"	"outgroup"	"positive"	0.549272521309286
"11"	"positive"	"outgroup"	"positive"	0.544187813690414
"11"	"positive"	"outgroup"	"negative"	0.566844776334547
"11"	"negative"	"outgroup"	"negative"	0.645538251689528
"11"	"negative"	"ingroup"	"negative"	0.585601426788991
"11"	"negative"	"ingroup"	"negative"	0.595640140580644
"11"	"positive"	"outgroup"	"positive"	0.730397781517185
"11"	"positive"	"ingroup"	"positive"	0.752296862779111
"11"	"positive"	"ingroup"	"positive"	0.52775643807566
"11"	"negative"	"outgroup"	"negative"	1.02562076371673
"11"	"positive"	"ingroup"	"positive"	0.554916729381342
"11"	"negative"	"outgroup"	"positive"	0.606185322883986
"11"	"positive"	"outgroup"	"negative"	0.551711182122932
"11"	"negative"	"outgroup"	"positive"	0.6050932293723
"11"	"negative"	"ingroup"	"negative"	0.618785735560731
"11"	"positive"	"ingroup"	"positive"	0.589186501466018
"11"	"negative"	"outgroup"	"negative"	1.36911059926076
"11"	"positive"	"ingroup"	"positive"	0.881628056945133
"11"	"positive"	"ingroup"	"positive"	0.719608729227006
"11"	"negative"	"ingroup"	"positive"	0.646894038722355
"11"	"positive"	"outgroup"	"negative"	0.564679735285296
"11"	"negative"	"ingroup"	"positive"	0.612223837091058
"11"	"positive"	"outgroup"	"negative"	0.613440380627243
"11"	"positive"	"ingroup"	"positive"	1.51402034616746
"11"	"negative"	"ingroup"	"negative"	0.776546397936825
"11"	"positive"	"ingroup"	"positive"	0.55107121750798
"11"	"negative"	"outgroup"	"positive"	0.633442875075407
"11"	"positive"	"ingroup"	"positive"	0.595462411114615
"11"	"negative"	"ingroup"	"positive"	1.20538224251308
"11"	"negative"	"ingroup"	"negative"	0.568855689392021
"11"	"negative"	"outgroup"	"negative"	0.71114165158304
"11"	"negative"	"ingroup"	"positive"	0.555250821149548
"11"	"positive"	"outgroup"	"positive"	0.970001911172954
"11"	"positive"	"outgroup"	"positive"	0.740707088903282
"11"	"negative"	"outgroup"	"negative"	1.12601670484262
"11"	"positive"	"outgroup"	"negative"	0.794953786293967
"11"	"negative"	"outgroup"	"negative"	0.84360762849653
"11"	"positive"	"ingroup"	"positive"	0.578587896801527
"11"	"negative"	"ingroup"	"positive"	0.601209719144183
"11"	"positive"	"outgroup"	"negative"	0.999500842638975
"11"	"negative"	"ingroup"	"negative"	0.951812647223675
"11"	"positive"	"ingroup"	"positive"	0.517319526180319
"11"	"positive"	"ingroup"	"positive"	0.624567504449812
"11"	"negative"	"outgroup"	"positive"	1.0225505055624
"11"	"negative"	"ingroup"	"positive"	0.918960072041945
"11"	"negative"	"outgroup"	"positive"	0.837071354776446
"11"	"negative"	"outgroup"	"positive"	1.02101812822956
"11"	"positive"	"ingroup"	"positive"	0.691939637847628
"11"	"negative"	"outgroup"	"negative"	0.543506228624184
"11"	"negative"	"outgroup"	"negative"	0.979917058951834
"11"	"positive"	"ingroup"	"positive"	0.881040815053348
"11"	"negative"	"outgroup"	"negative"	0.516558011430025
"11"	"positive"	"outgroup"	"positive"	0.907193969986617
"11"	"negative"	"ingroup"	"positive"	0.900263323119329
"11"	"negative"	"ingroup"	"positive"	0.967857671082266
"11"	"negative"	"ingroup"	"negative"	1.73283890384832
"11"	"positive"	"outgroup"	"positive"	0.704609084557489
"11"	"negative"	"outgroup"	"negative"	0.804984133661964
"11"	"negative"	"ingroup"	"negative"	0.887965972012442
"11"	"positive"	"ingroup"	"negative"	0.511802606263652
"11"	"negative"	"ingroup"	"positive"	0.739218801343722
"11"	"negative"	"outgroup"	"negative"	1.03159603763375
"11"	"negative"	"outgroup"	"positive"	0.538451187925992
"11"	"negative"	"outgroup"	"negative"	0.561066288761294
"11"	"positive"	"outgroup"	"positive"	0.699834605354919
"11"	"negative"	"outgroup"	"negative"	0.55145357620345
"11"	"negative"	"ingroup"	"positive"	1.34426017741103
"11"	"negative"	"ingroup"	"positive"	0.587675313793869
"11"	"negative"	"outgroup"	"positive"	0.982257574526359
"11"	"negative"	"ingroup"	"negative"	0.595608626743628
"11"	"negative"	"outgroup"	"negative"	0.890692495878279
"11"	"negative"	"ingroup"	"positive"	0.922874160587423
"11"	"positive"	"outgroup"	"negative"	0.783135143769159
"11"	"negative"	"outgroup"	"negative"	0.59455893483265
"11"	"negative"	"outgroup"	"negative"	0.688892088687971
"11"	"positive"	"outgroup"	"positive"	0.599858988073552
"11"	"negative"	"outgroup"	"negative"	0.608921960496555
"12"	"positive"	"ingroup"	"positive"	0.566174589604916
"12"	"positive"	"outgroup"	"positive"	0.430765386447433
"12"	"negative"	"ingroup"	"negative"	0.455951472951253
"12"	"negative"	"outgroup"	"negative"	0.710969976338184
"12"	"negative"	"outgroup"	"negative"	0.42140755227269
"12"	"negative"	"ingroup"	"positive"	0.507033382470554
"12"	"negative"	"ingroup"	"negative"	0.433444698425001
"12"	"positive"	"ingroup"	"positive"	0.479301216357534
"12"	"positive"	"ingroup"	"positive"	0.576879511036431
"12"	"positive"	"ingroup"	"positive"	0.855085390340668
"12"	"positive"	"ingroup"	"positive"	0.355739186024247
"12"	"negative"	"outgroup"	"negative"	0.706097430104763
"12"	"positive"	"outgroup"	"positive"	0.417825544023908
"12"	"positive"	"ingroup"	"positive"	0.466826060689212
"12"	"negative"	"ingroup"	"negative"	0.562616458898754
"12"	"negative"	"ingroup"	"negative"	0.471913384835532
"12"	"negative"	"ingroup"	"negative"	0.404536674216494
"12"	"positive"	"ingroup"	"positive"	0.32568542274351
"12"	"negative"	"outgroup"	"negative"	0.473616554190797
"12"	"positive"	"ingroup"	"positive"	0.381547237233154
"12"	"negative"	"ingroup"	"negative"	0.613191982314266
"12"	"negative"	"outgroup"	"negative"	0.386293592434325
"12"	"positive"	"ingroup"	"positive"	0.389560371351539
"12"	"positive"	"outgroup"	"positive"	0.988234957531167
"12"	"negative"	"outgroup"	"negative"	0.481959284495542
"12"	"positive"	"ingroup"	"positive"	0.358231234228818
"12"	"negative"	"outgroup"	"negative"	0.525509742004289
"12"	"negative"	"outgroup"	"positive"	0.514764028940282
"12"	"positive"	"ingroup"	"positive"	0.487018862611118
"12"	"negative"	"ingroup"	"negative"	0.390246270906821
"12"	"positive"	"ingroup"	"positive"	0.477874426009319
"12"	"positive"	"ingroup"	"positive"	0.335974066596836
"12"	"positive"	"ingroup"	"positive"	0.606065755363179
"12"	"positive"	"ingroup"	"negative"	0.58417721817265
"12"	"negative"	"outgroup"	"negative"	0.453458314796599
"12"	"negative"	"ingroup"	"negative"	0.560112924244636
"12"	"positive"	"outgroup"	"negative"	0.803686109269397
"12"	"positive"	"outgroup"	"negative"	0.436175353302227
"12"	"negative"	"ingroup"	"positive"	0.364976013388489
"12"	"negative"	"outgroup"	"negative"	0.504609056811062
"12"	"negative"	"ingroup"	"negative"	0.536193356801424
"12"	"negative"	"ingroup"	"negative"	0.571290901199395
"12"	"positive"	"ingroup"	"negative"	0.467237527234954
"12"	"positive"	"ingroup"	"negative"	0.640542169466598
"12"	"positive"	"outgroup"	"positive"	0.730631684266113
"12"	"negative"	"outgroup"	"negative"	0.414528396916477
"12"	"positive"	"outgroup"	"positive"	0.735629096024751
"12"	"negative"	"outgroup"	"negative"	0.484313541816049
"12"	"negative"	"ingroup"	"negative"	0.562555532986922
"12"	"positive"	"outgroup"	"positive"	0.356435707907084
"12"	"negative"	"outgroup"	"positive"	0.502163278153043
"12"	"positive"	"outgroup"	"positive"	0.550246066832041
"12"	"negative"	"ingroup"	"negative"	0.405881233927079
"12"	"negative"	"outgroup"	"negative"	0.422071388172927
"12"	"negative"	"ingroup"	"negative"	0.588049385784032
"12"	"negative"	"outgroup"	"negative"	0.465259323698524
"12"	"positive"	"outgroup"	"positive"	0.403090701909424
"12"	"positive"	"ingroup"	"positive"	0.627734176556652
"12"	"positive"	"ingroup"	"positive"	0.673284214100514
"12"	"negative"	"ingroup"	"negative"	0.526242630748389
"12"	"positive"	"outgroup"	"positive"	0.352687001736465
"12"	"negative"	"ingroup"	"negative"	0.70517570658863
"12"	"positive"	"ingroup"	"positive"	0.371497150629147
"12"	"negative"	"ingroup"	"negative"	0.378910738749744
"12"	"negative"	"ingroup"	"negative"	0.732927809007967
"12"	"positive"	"outgroup"	"positive"	0.486659470214258
"12"	"negative"	"ingroup"	"negative"	0.338394579476899
"12"	"negative"	"ingroup"	"negative"	0.486022331933703
"12"	"positive"	"outgroup"	"positive"	0.43895752964856
"12"	"positive"	"ingroup"	"positive"	0.334191496699278
"12"	"negative"	"outgroup"	"negative"	0.397192214519826
"12"	"negative"	"ingroup"	"positive"	0.384016192144799
"12"	"positive"	"ingroup"	"positive"	0.419309473371983
"12"	"negative"	"outgroup"	"negative"	0.689829671663585
"12"	"positive"	"outgroup"	"positive"	0.53348005571552
"12"	"negative"	"ingroup"	"negative"	0.794408478552701
"12"	"positive"	"ingroup"	"positive"	0.528555264555863
"12"	"positive"	"outgroup"	"negative"	0.585496742155326
"12"	"negative"	"outgroup"	"negative"	0.427726568915529
"12"	"negative"	"outgroup"	"positive"	0.331641701761586
"12"	"positive"	"outgroup"	"positive"	0.429656365201722
"12"	"negative"	"ingroup"	"negative"	0.607716389112335
"12"	"positive"	"outgroup"	"positive"	0.448408692737278
"12"	"negative"	"outgroup"	"negative"	0.400573070722342
"12"	"negative"	"ingroup"	"negative"	0.439388117728811
"12"	"positive"	"ingroup"	"positive"	0.49515525757713
"12"	"negative"	"ingroup"	"negative"	0.515018771464816
"12"	"negative"	"outgroup"	"negative"	0.731321952539785
"12"	"negative"	"ingroup"	"negative"	0.578221539829899
"12"	"negative"	"ingroup"	"negative"	0.436023491841551
"12"	"positive"	"outgroup"	"negative"	0.38332874575549
"12"	"negative"	"ingroup"	"negative"	1.08305038789909
"12"	"positive"	"ingroup"	"positive"	0.382012083017671
"12"	"negative"	"outgroup"	"positive"	0.430670626384402
"12"	"negative"	"ingroup"	"negative"	0.532870978326215
"12"	"negative"	"outgroup"	"negative"	0.480193187736427
"12"	"positive"	"outgroup"	"positive"	0.41342055400845
"12"	"negative"	"ingroup"	"negative"	0.464009042318268
"12"	"positive"	"outgroup"	"positive"	0.507631583035146
"12"	"negative"	"ingroup"	"negative"	0.807257670561671
"12"	"positive"	"ingroup"	"positive"	0.460220416878757
"12"	"positive"	"ingroup"	"positive"	0.704686547490981
"12"	"negative"	"ingroup"	"negative"	0.591700564319495
"12"	"positive"	"outgroup"	"positive"	0.377353918405291
"12"	"positive"	"outgroup"	"positive"	1.11434471274995
"12"	"negative"	"outgroup"	"negative"	1.07893182473462
"12"	"positive"	"outgroup"	"negative"	0.395052326925162
"12"	"positive"	"ingroup"	"positive"	0.398121499521235
"12"	"positive"	"outgroup"	"positive"	0.609115021601772
"12"	"negative"	"outgroup"	"positive"	0.401448447592311
"12"	"positive"	"ingroup"	"positive"	0.384708656538439
"12"	"positive"	"ingroup"	"positive"	0.399272535097885
"12"	"positive"	"ingroup"	"positive"	0.441298111961261
"12"	"negative"	"ingroup"	"negative"	0.443685325324845
"12"	"positive"	"outgroup"	"negative"	0.40388643083859
"12"	"negative"	"outgroup"	"negative"	0.377374472879146
"12"	"positive"	"outgroup"	"positive"	1.22402380352468
"12"	"negative"	"ingroup"	"negative"	0.508064090611404
"12"	"positive"	"outgroup"	"positive"	0.366832858092962
"12"	"negative"	"outgroup"	"negative"	0.441270912896395
"12"	"positive"	"outgroup"	"positive"	0.47762886434168
"12"	"negative"	"outgroup"	"negative"	0.405505847900852
"12"	"negative"	"outgroup"	"negative"	0.359502488824499
"12"	"positive"	"outgroup"	"positive"	0.414437857521115
"12"	"positive"	"outgroup"	"negative"	0.327026612348383
"12"	"negative"	"ingroup"	"negative"	0.471797220059644
"12"	"positive"	"outgroup"	"positive"	0.405248862774116
"12"	"positive"	"ingroup"	"positive"	0.660466705168692
"12"	"positive"	"outgroup"	"negative"	0.442956757458491
"12"	"positive"	"ingroup"	"negative"	0.342944712369819
"12"	"negative"	"outgroup"	"negative"	0.547392217483122
"12"	"positive"	"ingroup"	"positive"	0.341845220138777
"12"	"positive"	"outgroup"	"positive"	0.516248510824171
"12"	"positive"	"outgroup"	"positive"	0.636037813482991
"12"	"negative"	"ingroup"	"positive"	0.32571350747314
"12"	"positive"	"ingroup"	"positive"	0.515046751450808
"12"	"negative"	"ingroup"	"negative"	0.512034655048882
"12"	"positive"	"outgroup"	"negative"	0.612103880778293
"12"	"negative"	"outgroup"	"negative"	0.422244918210169
"12"	"positive"	"ingroup"	"positive"	0.361430950624574
"12"	"negative"	"outgroup"	"negative"	0.423628184611655
"12"	"positive"	"ingroup"	"positive"	0.381036770536428
"12"	"negative"	"ingroup"	"negative"	0.495570441492073
"12"	"positive"	"outgroup"	"positive"	0.42723586735626
"12"	"positive"	"ingroup"	"negative"	0.432029818020725
"12"	"positive"	"outgroup"	"negative"	0.39269729145901
"12"	"positive"	"outgroup"	"negative"	0.377377695071723
"12"	"positive"	"outgroup"	"positive"	0.375512629279321
"12"	"negative"	"ingroup"	"negative"	0.390892103154353
"12"	"positive"	"outgroup"	"positive"	0.362568371193023
"12"	"negative"	"outgroup"	"negative"	0.647323608515086
"12"	"positive"	"outgroup"	"positive"	0.413302210851661
"12"	"negative"	"ingroup"	"positive"	0.373418428561854
"12"	"negative"	"outgroup"	"negative"	0.323412920756551
"12"	"negative"	"outgroup"	"negative"	0.818768971243937
"12"	"positive"	"ingroup"	"positive"	0.626832976960082
"12"	"positive"	"ingroup"	"positive"	0.328257120067231
"12"	"negative"	"ingroup"	"positive"	0.440321941532322
"12"	"negative"	"outgroup"	"negative"	1.07969278820308
"12"	"negative"	"outgroup"	"negative"	0.540643894642098
"12"	"negative"	"ingroup"	"negative"	0.616638893805134
"12"	"negative"	"outgroup"	"negative"	0.401177159578667
"12"	"negative"	"outgroup"	"negative"	0.407191655972411
"12"	"negative"	"ingroup"	"negative"	0.428443796844299
"12"	"negative"	"outgroup"	"negative"	0.600132747149096
"12"	"negative"	"outgroup"	"negative"	0.426584665824083
"12"	"positive"	"ingroup"	"positive"	0.62910034620416
"12"	"positive"	"ingroup"	"negative"	0.865219462385878
"12"	"negative"	"outgroup"	"negative"	0.406155596566213
"12"	"negative"	"outgroup"	"negative"	0.471260107595646
"12"	"positive"	"ingroup"	"positive"	1.2935871030541
"12"	"positive"	"ingroup"	"positive"	0.589090658798087
"12"	"negative"	"outgroup"	"negative"	0.507906290438584
"12"	"negative"	"outgroup"	"negative"	0.779151210902727
"12"	"positive"	"outgroup"	"positive"	0.62166640629484
"12"	"positive"	"ingroup"	"positive"	0.39144130695854
"12"	"negative"	"outgroup"	"negative"	0.625389474320249
"12"	"negative"	"outgroup"	"negative"	0.453007000641147
"12"	"positive"	"ingroup"	"positive"	0.470166859192926
"12"	"positive"	"outgroup"	"positive"	0.630955615290555
"12"	"positive"	"outgroup"	"negative"	0.589649902336582
"12"	"negative"	"outgroup"	"negative"	0.383327069129721
"12"	"positive"	"outgroup"	"positive"	0.599190545111803
"12"	"positive"	"outgroup"	"positive"	0.489600532077169
"12"	"negative"	"ingroup"	"negative"	0.498666637448722
"12"	"negative"	"ingroup"	"negative"	1.02401145931947
"12"	"positive"	"outgroup"	"positive"	0.621355118872334
"12"	"negative"	"outgroup"	"negative"	0.660914067326278
"12"	"positive"	"outgroup"	"positive"	0.496776178190339
"12"	"negative"	"ingroup"	"positive"	0.449216648812654
"12"	"positive"	"ingroup"	"positive"	0.555775734567889
"12"	"negative"	"ingroup"	"negative"	0.550760358208048
"12"	"negative"	"outgroup"	"negative"	0.40011564514537
"12"	"negative"	"outgroup"	"negative"	0.384855176076003
"12"	"positive"	"outgroup"	"negative"	1.11424363514045
"12"	"negative"	"ingroup"	"positive"	0.362621869603418
"12"	"negative"	"ingroup"	"positive"	0.393124929903896
"12"	"positive"	"ingroup"	"positive"	0.458882732327945
"12"	"positive"	"ingroup"	"positive"	0.332095843693061
"12"	"positive"	"ingroup"	"positive"	0.346379675670122
"12"	"positive"	"outgroup"	"positive"	0.386604481713927
"12"	"positive"	"outgroup"	"positive"	0.427714445289233
"12"	"positive"	"outgroup"	"positive"	0.542846765893843
"12"	"negative"	"outgroup"	"negative"	0.422562743911915
"12"	"positive"	"ingroup"	"positive"	0.52130285373359
"12"	"negative"	"ingroup"	"negative"	0.532971741203133
"12"	"negative"	"ingroup"	"negative"	0.38106405018329
"12"	"positive"	"ingroup"	"positive"	0.454435212145504
"12"	"negative"	"ingroup"	"negative"	0.340118945939683
"12"	"positive"	"ingroup"	"positive"	0.481194514880323
"12"	"positive"	"ingroup"	"positive"	0.386487775214841
"12"	"positive"	"ingroup"	"negative"	0.488960645898646
"12"	"positive"	"outgroup"	"positive"	0.340680852723772
"12"	"negative"	"outgroup"	"negative"	0.379755392377987
"12"	"negative"	"ingroup"	"negative"	0.528458397193876
"12"	"negative"	"ingroup"	"positive"	0.521938787347587
"12"	"positive"	"outgroup"	"positive"	0.503515322526301
"12"	"negative"	"ingroup"	"negative"	0.393620210182374
"12"	"positive"	"outgroup"	"positive"	0.724465232334809
"12"	"negative"	"ingroup"	"negative"	0.521809617014742
"12"	"negative"	"ingroup"	"negative"	0.509368807651803
"12"	"positive"	"outgroup"	"positive"	0.612678726136617
"12"	"positive"	"ingroup"	"positive"	0.562383454038953
"12"	"positive"	"ingroup"	"positive"	0.58812872396855
"12"	"negative"	"ingroup"	"positive"	0.413374931138533
"12"	"negative"	"outgroup"	"positive"	0.467221579747303
"12"	"positive"	"ingroup"	"positive"	0.432544452766075
"12"	"negative"	"ingroup"	"negative"	0.575725910757846
"12"	"negative"	"outgroup"	"negative"	0.413821289391222
"12"	"positive"	"ingroup"	"positive"	0.363128620028471
"12"	"positive"	"outgroup"	"positive"	0.552516004583518
"12"	"positive"	"ingroup"	"positive"	0.353223922199048
"12"	"positive"	"outgroup"	"positive"	0.576412650210607
"12"	"negative"	"ingroup"	"positive"	0.417259893095695
"12"	"positive"	"ingroup"	"negative"	0.719190167584713
"12"	"negative"	"ingroup"	"positive"	0.419919449714422
"12"	"positive"	"ingroup"	"negative"	0.641411161777366
"12"	"positive"	"outgroup"	"positive"	0.456352031819351
"12"	"negative"	"outgroup"	"positive"	0.469094263120433
"12"	"negative"	"outgroup"	"negative"	0.527037298940421
"12"	"positive"	"ingroup"	"positive"	0.384175790050535
"12"	"positive"	"outgroup"	"positive"	0.44044778508985
"12"	"negative"	"ingroup"	"negative"	0.388789528453956
"12"	"negative"	"ingroup"	"negative"	0.4049317190582
"12"	"negative"	"ingroup"	"negative"	0.41062740088571
"12"	"positive"	"outgroup"	"positive"	0.393379861311163
"12"	"positive"	"outgroup"	"negative"	0.362913370273697
"12"	"positive"	"outgroup"	"positive"	0.738479492705764
"12"	"positive"	"outgroup"	"positive"	0.558940586568304
"12"	"negative"	"outgroup"	"negative"	0.411439341727357
"12"	"positive"	"outgroup"	"positive"	0.481695963241892
"12"	"positive"	"ingroup"	"positive"	0.555222756500765
"12"	"positive"	"ingroup"	"positive"	0.455273423444464
"12"	"positive"	"ingroup"	"positive"	0.397622541707863
"12"	"negative"	"outgroup"	"negative"	0.444325205474952
"12"	"negative"	"ingroup"	"positive"	0.341401846413152
"12"	"negative"	"outgroup"	"negative"	0.427620275680332
"12"	"negative"	"ingroup"	"negative"	0.335618118609722
"12"	"positive"	"ingroup"	"positive"	0.678698710073098
"12"	"negative"	"ingroup"	"negative"	0.435751163957536
"12"	"negative"	"outgroup"	"negative"	0.482820449764367
"12"	"negative"	"ingroup"	"negative"	0.523703996846818
"12"	"negative"	"outgroup"	"negative"	0.422837858296403
"12"	"positive"	"ingroup"	"negative"	0.441006600411759
"12"	"negative"	"outgroup"	"negative"	0.396910984388952
"12"	"positive"	"ingroup"	"positive"	0.64640405503883
"12"	"negative"	"outgroup"	"negative"	0.385775842860194
"12"	"positive"	"outgroup"	"negative"	0.384424529111896
"12"	"positive"	"outgroup"	"positive"	0.659363018719849
"12"	"negative"	"outgroup"	"negative"	0.396892425083731
"12"	"negative"	"outgroup"	"positive"	0.498189911190414
"12"	"negative"	"ingroup"	"negative"	0.434676302318453
"12"	"positive"	"ingroup"	"positive"	0.335629164763981
"12"	"negative"	"outgroup"	"negative"	0.445904003841223
"12"	"positive"	"outgroup"	"positive"	1.23009883506295
"12"	"positive"	"ingroup"	"positive"	0.429298994219941
"12"	"negative"	"ingroup"	"negative"	0.482361102009273
"12"	"positive"	"ingroup"	"positive"	0.435094456239676
"12"	"positive"	"outgroup"	"positive"	0.361712805741913
"12"	"negative"	"ingroup"	"negative"	0.413956105512398
"12"	"positive"	"outgroup"	"positive"	0.362538932921019
"12"	"negative"	"ingroup"	"negative"	0.424872871312159
"12"	"positive"	"ingroup"	"positive"	0.421401840022566
"12"	"positive"	"outgroup"	"positive"	0.507485762121702
"12"	"positive"	"ingroup"	"positive"	0.488379431298653
"12"	"positive"	"outgroup"	"positive"	0.391112789428712
"12"	"negative"	"ingroup"	"negative"	0.445525880010648
"12"	"positive"	"outgroup"	"positive"	0.715083039039422
"12"	"negative"	"outgroup"	"negative"	0.615677303827422
"12"	"positive"	"ingroup"	"positive"	0.581530997484379
"12"	"negative"	"ingroup"	"negative"	0.822633110468483
"12"	"negative"	"outgroup"	"negative"	0.703428061383115
"12"	"negative"	"outgroup"	"negative"	0.954630996677696
"12"	"negative"	"ingroup"	"negative"	0.393033936491842
"12"	"negative"	"ingroup"	"negative"	0.414983708978936
"12"	"negative"	"ingroup"	"negative"	0.524055709684479
"12"	"negative"	"outgroup"	"negative"	0.396540692877224
"12"	"negative"	"ingroup"	"positive"	0.622718283477769
"12"	"positive"	"outgroup"	"negative"	0.414621204958386
"12"	"positive"	"ingroup"	"negative"	0.356273665652236
"12"	"negative"	"outgroup"	"negative"	0.376463710480145
"12"	"positive"	"ingroup"	"positive"	0.478047467316105
"12"	"positive"	"outgroup"	"positive"	0.643650692384888
"12"	"negative"	"ingroup"	"positive"	0.796383206851944
"12"	"negative"	"ingroup"	"negative"	0.551040216723466
"12"	"negative"	"outgroup"	"negative"	0.629933983720615
"12"	"positive"	"ingroup"	"positive"	0.39247104690407
"12"	"positive"	"outgroup"	"positive"	0.709529426387279
"12"	"negative"	"outgroup"	"negative"	0.491384424567656
"12"	"negative"	"ingroup"	"positive"	0.39093762654419
"12"	"negative"	"outgroup"	"negative"	0.364786596447767
"12"	"positive"	"outgroup"	"positive"	0.351499160539108
"12"	"positive"	"outgroup"	"positive"	0.456469533217696
"12"	"negative"	"ingroup"	"negative"	0.402091601181561
"12"	"positive"	"ingroup"	"positive"	0.52633455793973
"12"	"negative"	"ingroup"	"negative"	0.681643040402224
"12"	"positive"	"ingroup"	"positive"	0.395018844249226
"12"	"positive"	"outgroup"	"negative"	0.349191729521059
"12"	"negative"	"outgroup"	"negative"	0.497460515483107
"12"	"positive"	"outgroup"	"positive"	0.660868857658915
"12"	"positive"	"ingroup"	"negative"	0.662604526249036
"12"	"positive"	"outgroup"	"positive"	0.546994716768055
"12"	"positive"	"outgroup"	"negative"	0.333081023146867
"12"	"negative"	"outgroup"	"positive"	0.429961065237733
"12"	"positive"	"ingroup"	"positive"	0.779861153177292
"12"	"negative"	"outgroup"	"negative"	0.591106962842053
"12"	"negative"	"ingroup"	"positive"	0.356916485432098
"12"	"positive"	"outgroup"	"negative"	0.474089419012082
"12"	"negative"	"ingroup"	"positive"	1.21718961530215
"12"	"positive"	"outgroup"	"positive"	0.876091169016069
"12"	"negative"	"ingroup"	"negative"	0.484123322365966
"12"	"negative"	"outgroup"	"negative"	0.379371217917196
"12"	"negative"	"outgroup"	"negative"	0.364604028003828
"12"	"negative"	"outgroup"	"negative"	0.440050240338087
"12"	"negative"	"outgroup"	"negative"	0.646470016993013
"12"	"negative"	"outgroup"	"negative"	0.329361709990919
"12"	"positive"	"ingroup"	"positive"	0.513768807355696
"12"	"positive"	"ingroup"	"positive"	0.661946373480287
"12"	"positive"	"ingroup"	"positive"	0.408957677945303
"12"	"negative"	"ingroup"	"negative"	0.485837158717621
"12"	"positive"	"ingroup"	"positive"	0.440133269774294
"12"	"positive"	"ingroup"	"positive"	0.360562454260134
"12"	"negative"	"outgroup"	"positive"	0.361416304248994
"12"	"negative"	"outgroup"	"negative"	0.54246155505565
"12"	"positive"	"outgroup"	"positive"	0.5005569048457
"12"	"negative"	"ingroup"	"negative"	0.416134904385769
"12"	"positive"	"outgroup"	"positive"	0.409427783007942
"12"	"positive"	"outgroup"	"negative"	0.578590730869869
"12"	"positive"	"outgroup"	"positive"	0.455400656056043
"12"	"negative"	"ingroup"	"negative"	0.508480899799627
"12"	"negative"	"outgroup"	"positive"	0.380998885926814
"12"	"positive"	"outgroup"	"positive"	0.505476681538953
"12"	"negative"	"outgroup"	"negative"	0.622115438471675
"12"	"negative"	"outgroup"	"negative"	0.474001231522689
"12"	"positive"	"outgroup"	"negative"	0.355072604832938
"12"	"negative"	"outgroup"	"negative"	0.419639722211726
"12"	"negative"	"ingroup"	"negative"	1.03244569946828
"12"	"negative"	"ingroup"	"negative"	0.606371010986212
"12"	"negative"	"ingroup"	"negative"	0.52924428619154
"12"	"positive"	"outgroup"	"positive"	0.636394697693141
"12"	"positive"	"ingroup"	"negative"	0.454113848101937
"12"	"negative"	"ingroup"	"negative"	0.499434307365898
"12"	"negative"	"outgroup"	"positive"	0.609714858027714
"12"	"negative"	"ingroup"	"positive"	0.400642243790784
"12"	"negative"	"outgroup"	"positive"	0.402712094787814
"12"	"positive"	"outgroup"	"positive"	0.393575643368562
"12"	"negative"	"outgroup"	"negative"	0.433670971987653
"12"	"positive"	"outgroup"	"positive"	0.601632189016368
"12"	"negative"	"outgroup"	"negative"	0.508900212288294
"12"	"negative"	"outgroup"	"negative"	0.351334453856504
"12"	"positive"	"outgroup"	"positive"	0.503584506413714
"12"	"negative"	"outgroup"	"negative"	0.408072409927474
"12"	"negative"	"outgroup"	"negative"	0.675653585868812
"12"	"positive"	"ingroup"	"positive"	0.399972548199617
"12"	"positive"	"ingroup"	"positive"	0.370292207194227
"12"	"positive"	"ingroup"	"positive"	0.442715998946928
"12"	"positive"	"outgroup"	"positive"	0.390916659902307
"12"	"negative"	"outgroup"	"negative"	0.542397310605066
"12"	"positive"	"ingroup"	"positive"	0.721673516916721
"12"	"positive"	"ingroup"	"negative"	0.381588870818426
"12"	"positive"	"ingroup"	"positive"	0.510858473070793
"12"	"negative"	"ingroup"	"negative"	0.516026936573112
"12"	"positive"	"outgroup"	"negative"	0.705748780564387
"12"	"positive"	"outgroup"	"negative"	0.584385684944855
"12"	"positive"	"outgroup"	"positive"	0.379364174831789
"12"	"negative"	"ingroup"	"negative"	0.491870532843168
"12"	"positive"	"outgroup"	"positive"	0.469710213523979
"12"	"positive"	"outgroup"	"positive"	0.413583978276874
"12"	"negative"	"outgroup"	"negative"	0.602031286300292
"12"	"positive"	"ingroup"	"positive"	0.504671802128291
"12"	"negative"	"ingroup"	"negative"	0.603800273098127
"12"	"positive"	"outgroup"	"positive"	0.670446182872659
"12"	"positive"	"outgroup"	"negative"	0.322830786820275
"12"	"negative"	"ingroup"	"negative"	0.427522169638755
"12"	"positive"	"ingroup"	"negative"	0.429775772196681
"12"	"positive"	"outgroup"	"positive"	0.399363653667985
"12"	"negative"	"outgroup"	"negative"	0.378318582906816
"12"	"positive"	"ingroup"	"positive"	0.519038773642137
"12"	"positive"	"outgroup"	"positive"	0.457627058269239
"12"	"positive"	"ingroup"	"positive"	0.634006033314694
"12"	"positive"	"outgroup"	"positive"	1.06249341776552
"12"	"negative"	"outgroup"	"negative"	0.454320808075038
"12"	"negative"	"outgroup"	"negative"	0.397768189116588
"12"	"positive"	"ingroup"	"positive"	0.358543450538101
"12"	"positive"	"ingroup"	"positive"	0.401665113669635
"12"	"positive"	"outgroup"	"negative"	0.522448139502736
"12"	"negative"	"ingroup"	"negative"	1.06319919170132
"12"	"positive"	"ingroup"	"positive"	0.618190521683264
"12"	"positive"	"outgroup"	"negative"	0.481609290810446
"12"	"positive"	"ingroup"	"positive"	1.14192633549752
"12"	"negative"	"ingroup"	"negative"	0.641957616674188
"12"	"positive"	"outgroup"	"positive"	0.366934239245296
"12"	"positive"	"ingroup"	"positive"	0.445157221480948
"12"	"negative"	"ingroup"	"negative"	0.621032594814689
"12"	"negative"	"ingroup"	"positive"	0.614810769748348
"12"	"positive"	"outgroup"	"positive"	0.385152944453388
"12"	"positive"	"ingroup"	"positive"	0.441481011168945
"12"	"negative"	"ingroup"	"negative"	0.679833039578226
"12"	"positive"	"outgroup"	"positive"	0.972791499545518
"12"	"negative"	"ingroup"	"negative"	0.57621917805081
"12"	"positive"	"ingroup"	"positive"	0.689230758327485
"12"	"negative"	"outgroup"	"negative"	0.848055366428456
"12"	"negative"	"outgroup"	"negative"	0.442575960868587
"12"	"negative"	"outgroup"	"negative"	0.552310924419882
"12"	"negative"	"ingroup"	"negative"	0.326716653709117
"12"	"negative"	"outgroup"	"negative"	0.454195490319128
"12"	"positive"	"outgroup"	"positive"	0.72303470884218
"12"	"negative"	"ingroup"	"positive"	0.323532071997747
"12"	"negative"	"outgroup"	"negative"	0.32986400988693
"12"	"positive"	"ingroup"	"positive"	0.520023470054552
"12"	"negative"	"ingroup"	"negative"	0.647985901787762
"12"	"negative"	"ingroup"	"positive"	0.343783786256316
"12"	"negative"	"ingroup"	"negative"	0.467016762370341
"12"	"positive"	"outgroup"	"positive"	0.612875367640794
"12"	"positive"	"ingroup"	"positive"	0.668429331503615
"12"	"negative"	"outgroup"	"negative"	0.385674220434232
"12"	"negative"	"outgroup"	"positive"	0.477377020384928
"12"	"negative"	"outgroup"	"negative"	0.333357586708465
"12"	"positive"	"ingroup"	"positive"	0.4616648545309
"12"	"negative"	"outgroup"	"negative"	0.66662234824512
"12"	"negative"	"outgroup"	"negative"	0.679351937808521
"12"	"negative"	"outgroup"	"negative"	0.399166031510227
"12"	"negative"	"outgroup"	"positive"	0.33457148837595
"12"	"negative"	"ingroup"	"negative"	0.395574431407986
"12"	"positive"	"outgroup"	"positive"	0.38762295517256
"12"	"positive"	"outgroup"	"positive"	0.48443818287502
"12"	"positive"	"ingroup"	"positive"	0.365798734370702
"12"	"negative"	"ingroup"	"positive"	0.424213289610954
"12"	"positive"	"ingroup"	"positive"	0.355928052603551
"12"	"positive"	"ingroup"	"positive"	0.367088334721268
"12"	"negative"	"ingroup"	"positive"	0.33808833158036
"12"	"positive"	"outgroup"	"positive"	0.404427781628534
"12"	"positive"	"ingroup"	"positive"	0.464680883591744
"12"	"positive"	"ingroup"	"positive"	0.895175862813826
"12"	"negative"	"outgroup"	"negative"	0.334243112198103
"12"	"negative"	"outgroup"	"positive"	0.449339155064061
"12"	"positive"	"ingroup"	"positive"	0.442084786492126
"12"	"positive"	"ingroup"	"negative"	0.398875061449023
"12"	"negative"	"ingroup"	"negative"	0.419425070392915
"12"	"negative"	"ingroup"	"negative"	0.456516499345776
